J3 League,,,,,,,,,,,,,,Κατάταξη J3,,,,,,,,,,,,,,لیگ J3,,,,,,,,,,,,,
Viareggio Cup,,,,,,,,,,,,,,Πρωτάθλημα Βιαρέγκιο,,,,,,,,,,,,,,کوپ Viareggio,,,,,,,,,,,,,
Campeonato Acreano,,,,,,,,,,,,,,Πρωτάθλημα Ακρέαν,,,,,,,,,,,,,,کامپیوناتو آکرهانو,,,,,,,,,,,,,
League Cup,,,,,,,,,,,,,,Κύπελλο Πρωταθλημάτων,,,,,,,,,,,,,,لیگ کاپ,,,,,,,,,,,,,
Super League 1,,,,,,,,,,,,,,Super League 1,,,,,,,,,,,,,,سوپر لیگ 1,,,,,,,,,,,,,
Primera B,,,,,,,,,,,,,,Πρώτη Β',,,,,,,,,,,,,,پریمیرا بی,,,,,,,,,,,,,
Copa Argentina,,,,,,,,,,,,,,Κύπελλο Αργεντινής,,,,,,,,,,,,,,کوپا آرژانتین,,,,,,,,,,,,,
Vietnam Cup,,,,,,,,,,,,,,Κύπελλο Βιετνάμ,,,,,,,,,,,,,,کاپ ویتنام,,,,,,,,,,,,,
Tercera Federacion - Group 4,,,,,,,,,,,,,,Τρίτη Φεδερασία - Ομάδα 4,,,,,,,,,,,,,,ترسیرا فدراسیون - گروپ 4,,,,,,,,,,,,,
U20 Gaucho - Serie A1,,,,,,,,,,,,,,U20 Gaucho - Serie A1,,,,,,,,,,,,,,U20 گوشه‌ای - سری آ1,,,,,,,,,,,,,
Supercup,,,,,,,,,,,,,,Σούπερ Κύπελλο,,,,,,,,,,,,,,سوپر کاپ,,,,,,,,,,,,,
First Division,,,,,,,,,,,,,,Πρώτη Διαίρεση,,,,,,,,,,,,,,دیویسیون فیرست,,,,,,,,,,,,,
Super League,,,,,,,,,,,,,,Super League,,,,,,,,,,,,,,سوپر لیگ,,,,,,,,,,,,,
Championship,,,,,,,,,,,,,,Πρωτάθλημα,,,,,,,,,,,,,,چمپیونشپ,,,,,,,,,,,,,
Premier League,,,,,,,,,,,,,,Πρωτάθλημα Premier,,,,,,,,,,,,,,پریمیر لیگ,,,,,,,,,,,,,
Premier League,,,,,,,,,,,,,,Πρωτάθλημα Premier,,,,,,,,,,,,,,پریمیر لیگ,,,,,,,,,,,,,
Super Cup,,,,,,,,,,,,,,Σούπερ Κύπελλο,,,,,,,,,,,,,,سوپر کاپ,,,,,,,,,,,,,
OFB Cup,,,,,,,,,,,,,,Κύπελλο OFB,,,,,,,,,,,,,,OFB کاپ,,,,,,,,,,,,,
Tercera Federacion - Group 18,,,,,,,,,,,,,,Τρίτη Φεδερασία - Ομάδα 18,,,,,,,,,,,,,,ترسیرا فدراسیون - گروپ 18,,,,,,,,,,,,,
Premier Division - Women,,,,,,,,,,,,,,Πρωτάθλημα Πρωταθλημάτων - Γυναίκες,,,,,,,,,,,,,,پریمیر دیویسیون - زنان,,,,,,,,,,,,,
Carioca,,,,,,,,,,,,,,Carioca,,,,,,,,,,,,,,کاریوکا,,,,,,,,,,,,,
Copa de SM La Reina,,,,,,,,,,,,,,Κύπελλο SM La Reina,,,,,,,,,,,,,,کوپا ده سم له رئینا,,,,,,,,,,,,,
Division 2 - Sodra Svealand,,,,,,,,,,,,,,Δεύτερη Διαίρεση - Sodra Svealand,,,,,,,,,,,,,,دیویسیون 2 - سودرا سوئالند,,,,,,,,,,,,,
US Open Cup,,,,,,,,,,,,,,Κύπελλο US Open,,,,,,,,,,,,,,آس اوپن کاپ,,,,,,,,,,,,,
Copa de la Liga,,,,,,,,,,,,,,Κύπελλο Τμήματος Προσωπικού,,,,,,,,,,,,,,کوپا ده دیویسیون پروفسیونال,,,,,,,,,,,,,
Copa Division Profesional,,,,,,,,,,,,,,Κύπελλο Τμήματος Προσωπικού,,,,,,,,,,,,,,کوپا ده کلوب فریندلی,,,,,,,,,,,,,
Club Friendly Games,,,,,,,,,,,,,,Κλαμπ Φιλικές Παιχνίδιες,,,,,,,,,,,,,,کلوب فریندلی بازی‌ها,,,,,,,,,,,,,
Prva Liga,,,,,,,,,,,,,,Prva Liga,,,,,,,,,,,,,,پروا نل,,,,,,,,,,,,,
1. League Women,,,,,,,,,,,,,,1. Πρωτάθλημα Γυναικών,,,,,,,,,,,,,,1. لیگ زنان,,,,,,,,,,,,,
U17 European Championship Qualification,,,,,,,,,,,,,,U17 Πρωτάθλημα Ευρωπαϊκής Προετοιμασίας,,,,,,,,,,,,,,U17 اروپایی چمپیونشپ قواعد,,,,,,,,,,,,,
Svenska Cup,,,,,,,,,,,,,,Svenska Cup,,,,,,,,,,,,,,سوئنسکا کاپ,,,,,,,,,,,,,
3rd Division,,,,,,,,,,,,,,3η Διαίρεση,,,,,,,,,,,,,,سومین دیویسیون,,,,,,,,,,,,,
Primera Division,,,,,,,,,,,,,,Πρώτη Διαίρεση,,,,,,,,,,,,,,پریمیرا دیویسیون,,,,,,,,,,,,,
Isthmian League - Pr. Div,,,,,,,,,,,,,,Isthmian League - Pr. Div,,,,,,,,,,,,,,ایسته‌میان لیگ - پر. دیویسیون,,,,,,,,,,,,,
2. Liga,,,,,,,,,,,,,,2η Λίγκα,,,,,,,,,,,,,,2. لیگ,,,,,,,,,,,,,
FAW Welsh Cup,,,,,,,,,,,,,,Κύπελλο FAW Welsh,,,,,,,,,,,,,,FAW ولش کاپ,,,,,,,,,,,,,
Tercera Federacion - Group 5,,,,,,,,,,,,,,Τρίτη Φεδερασία - Ομάδα 5,,,,,,,,,,,,,,ترسیرا فدراسیون - گروپ 5,,,,,,,,,,,,,
Baiano,,,,,,,,,,,,,,Baiano,,,,,,,,,,,,,,بایانو,,,,,,,,,,,,,
MLS Preseason,,,,,,,,,,,,,,MLS Preseason,,,,,,,,,,,,,,MLS پریسیزون,,,,,,,,,,,,,
UEFA Champions League,,,,,,,,,,,,,,Πρωτάθλημα Πρωταθλημάτων UEFA,,,,,,,,,,,,,,UEFA چمپیونشپ لیگ,,,,,,,,,,,,,
CONCACAF Gold Cup,,,,,,,,,,,,,,Κύπελλο Χρυσού CONCACAF,,,,,,,,,,,,,,CONCACAF گلد کاپ,,,,,,,,,,,,,
Liigacup,,,,,,,,,,,,,,Liigacup,,,,,,,,,,,,,,لییگاکوپ,,,,,,,,,,,,,
Africa Cup of Nations - Qualification,,,,,,,,,,,,,,Κύπελλο Αφρικής - Προετοιμασία,,,,,,,,,,,,,,آفریقا کاپ ده ناشناس - قواعد,,,,,,,,,,,,,
Copa do Nordeste,,,,,,,,,,,,,,Κύπελλο Νορντε,,,,,,,,,,,,,,کوپا ده نوردسته,,,,,,,,,,,,,
II Lyga,,,,,,,,,,,,,,II Lyga,,,,,,,,,,,,,,II لیگا,,,,,,,,,,,,,
Stars League,,,,,,,,,,,,,,Στάρς Λίγκα,,,,,,,,,,,,,,استارز لیگ,,,,,,,,,,,,,
Oberliga NOFV North,,,,,,,,,,,,,,Oberliga NOFV North,,,,,,,,,,,,,,اوبرلیگا NOFV نورث,,,,,,,,,,,,,
LaLiga 2,,,,,,,,,,,,,,LaLiga 2,,,,,,,,,,,,,,LaLiga 2,,,,,,,,,,,,,
Prva NL,,,,,,,,,,,,,,Prva NL,,,,,,,,,,,,,,Prva NL,,,,,,,,,,,,,
Premier League,,,,,,,,,,,,,,Πρωτάθλημα Premier,,,,,,,,,,,,,,پریمیر لیگ,,,,,,,,,,,,,
,U20 AFC Asian Cup,,,,,,,,,,,,,,Κυπέλλο U20 AFC Ασιατικής Κυπρού,,,,,,,,,,,,,,کشوری ایسین اف سینجرز کاپ,,,,,,,,,,,,
,U21 European Championship,,,,,,,,,,,,,,Κυπέλλο U21 Ευρωπαϊκής Πρωταθλήτριας,,,,,,,,,,,,,,کشوری ۲۱ اروپایی چمپیونیشن,,,,,,,,,,,,
,Qatar Cup,,,,,,,,,,,,,,Κύπελλο Κατάρ,,,,,,,,,,,,,,قطر کاپ,,,,,,,,,,,,
,Copa Sudamericana,,,,,,,,,,,,,,Copa Sudamericana,,,,,,,,,,,,,,کوپا سودامریکانا,,,,,,,,,,,,
,Challenge League,,,,,,,,,,,,,,Πρωτάθλημα Προκλήσεων,,,,,,,,,,,,,,چالنج لیگ,,,,,,,,,,,,
,The FA Women's Super League,,,,,,,,,,,,,,Η FA Women's Super League,,,,,,,,,,,,,,فا ویمنز سوپر لیگ,,,,,,,,,,,,
,Croatian Cup,,,,,,,,,,,,,,Croatian Cup,,,,,,,,,,,,,,کرواتیا کاپ,,,,,,,,,,,,
,Oberliga Westfalen,,,,,,,,,,,,,,Oberliga Westfalen,,,,,,,,,,,,,,اوبرلیگا وستفالن,,,,,,,,,,,,
,1. deild,,,,,,,,,,,,,,1. δειλδ,,,,,,,,,,,,,,۱. دیلد,,,,,,,,,,,,
,Eerste Divisie,,,,,,,,,,,,,,Eerste Divisie,,,,,,,,,,,,,,ارسته دیویسی,,,,,,,,,,,,
,Leagues Cup,,,,,,,,,,,,,,Κύπελλα Πρωταθλημάτων,,,,,,,,,,,,,,لیگز کاپ,,,,,,,,,,,,
,MSFL,,,,,,,,,,,,,,MSFL,,,,,,,,,,,,,,ام اس اف ال,,,,,,,,,,,,
,Liga MX - Clausura,,,,,,,,,,,,,,Liga MX - Clausura,,,,,,,,,,,,,,لیگا ام ایکس - کلوزورا,,,,,,,,,,,,
,Oberliga BW,,,,,,,,,,,,,,Oberliga BW,,,,,,,,,,,,,,اوبرلیگا بی دبلیو,,,,,,,,,,,,
,1. Division,,,,,,,,,,,,,,1. Διοικητική Κλίμακα,,,,,,,,,,,,,,۱. دیویشن,,,,,,,,,,,,
,Football National League,,,,,,,,,,,,,,Πρωτάθλημα Εθνικής Ποδοσφαίρου,,,,,,,,,,,,,,فوتبال نیشنل لیگ,,,,,,,,,,,,
,NPL 2 - Victoria,,,,,,,,,,,,,,NPL 2 - Βικτώρια,,,,,,,,,,,,,,ان پی ال ۲ - ویکتوریا,,,,,,,,,,,,
,III Liga - Group 1,,,,,,,,,,,,,,III Liga - Ομάδα 1,,,,,,,,,,,,,,۳ لیگا - گروپ ۱,,,,,,,,,,,,
,Copa Constitucio,,,,,,,,,,,,,,Copa Constitucio,,,,,,,,,,,,,,کوپا کنستیتوشن,,,,,,,,,,,,
,Persha Liga,,,,,,,,,,,,,,Persha Liga,,,,,,,,,,,,,,پرشه لیگا,,,,,,,,,,,,
,Primera Nacional,,,,,,,,,,,,,,Primera Nacional,,,,,,,,,,,,,,پریمیرا نشنال,,,,,,,,,,,,
,African Nations Championship,,,,,,,,,,,,,,Πρωτάθλημα Εθνών Αφρικής,,,,,,,,,,,,,,افریقایی نیشنز چمپیونیشن,,,,,,,,,,,,
,3. Liga,,,,,,,,,,,,,,3. Liga,,,,,,,,,,,,,,۳ لیگا,,,,,,,,,,,,
,Reserve League,,,,,,,,,,,,,,Δεσμευτική Λίγκα,,,,,,,,,,,,,,رزروو لیگ,,,,,,,,,,,,
,Liga Nacional. Clausura,,,,,,,,,,,,,,Liga Nacional. Clausura,,,,,,,,,,,,,,لیگا نشنال. کلوزورا,,,,,,,,,,,,
,UEFA Europa Conference League,,,,,,,,,,,,,,UEFA Europa Conference League,,,,,,,,,,,,,,اوروپا اکونفرنس لیگ,,,,,,,,,,,,
,CONCACAF Champions League,,,,,,,,,,,,,,CONCACAF Champions League,,,,,,,,,,,,,,کنکاف چمپیونز لیگ,,,,,,,,,,,,
,K-League 2,,,,,,,,,,,,,,K-League 2,,,,,,,,,,,,,,کی لیگ ۲,,,,,,,,,,,,
,Ettan - Sodra,,,,,,,,,,,,,,Ettan - Sodra,,,,,,,,,,,,,,اتان - سودرا,,,,,,,,,,,,
,Liga Portugal,,,,,,,,,,,,,,Liga Portugal,,,,,,,,,,,,,,لیگا پرتغال,,,,,,,,,,,,
,Liga Panamena de Futbol - Apertura,,,,,,,,,,,,,,Liga Panamena de Futbol - Apertura,,,,,,,,,,,,,,لیگا پانامنه ده فوتبال - اپرچورا,,,,,,,,,,,,
,1st Division,,,,,,,,,,,,,,1η Διοικητική Κλίμακα,,,,,,,,,,,,,,۱ست دیویشن,,,,,,,,,,,,
,Championship,,,,,,,,,,,,,,Πρωτάθλημα,,,,,,,,,,,,,,چمپیونشیپ,,,,,,,,,,,,
,2nd Division Group 1,,,,,,,,,,,,,,2η Διοικητική Κλίμακα Ομάδα 1,,,,,,,,,,,,,,۲ند دیویشن گروپ ۱,,,,,,,,,,,,
,Piauiense,,,,,,,,,,,,,,Piauiense,,,,,,,,,,,,,,پیاوینز,,,,,,,,,,,,
,Israel Cup,,,,,,,,,,,,,,Κύπελλο Ισραήλ,,,,,,,,,,,,,,ایسرائیل کاپ,,,,,,,,,,,,
,West Bank League,,,,,,,,,,,,,,Πρωτάθλημα Ανατολικού Λιβάνου,,,,,,,,,,,,,,غرب بنک لیگ,,,,,,,,,,,,
,Promotion League,,,,,,,,,,,,,,Πρωτάθλημα Προαγωγής,,,,,,,,,,,,,,پروموشن لیگ,,,,,,,,,,,,
,FA Cup,,,,,,,,,,,,,,FA Cup,,,,,,,,,,,,,,فا کاپ,,,,,,,,,,,,
,Svenska Cup Women,,,,,,,,,,,,,,Svenska Cup Women,,,,,,,,,,,,,,سونسکا کاپ ویمنز,,,,,,,,,,,,
,FA Trophy,,,,,,,,,,,,,,FA Trophy,,,,,,,,,,,,,,فا تروفی,,,,,,,,,,,,
,Atlantic Cup,,,,,,,,,,,,,,Κύπελλο της Ατλαντικής,,,,,,,,,,,,,,آتلانتیک کاپ,,,,,,,,,,,,
,Paulista - Serie A1,,,,,,,,,,,,,,Paulista - Serie A1,,,,,,,,,,,,,,پائولیستا - سری ایکس,,,,,,,,,,,,
,U19 1. Liga,,,,,,,,,,,,,,U19 1. Liga,,,,,,,,,,,,,,یو ۱۹ ۱. لیگا,,,,,,,,,,,,
,Campeonato Tocantinense,,,,,,,,,,,,,,Campeonato Tocantinense,,,,,,,,,,,,,,کامپیوناتو توکانتینز,,,,,,,,,,,,
,Premier League Cup,,,,,,,,,,,,,,Πρωτάθλημα Πρωταθλήτριας Πρεμιέρας,,,,,,,,,,,,,,پریمیر لیگ کاپ,,,,,,,,,,,,
,Kings Cup,,,,,,,,,,,,,,Κύπελλο Βασιλιά,,,,,,,,,,,,,,کینگز کاپ,,,,,,,,,,,,
,1 Lyga,,,,,,,,,,,,,,1 Lyga,,,,,,,,,,,,,,۱ لیگا,,,,,,,,,,,,
,Serie A,,,,,,,,,,,,,,Serie A,,,,,,,,,,,,,,سریه ا,,,,,,,,,,,,
,League 1,,,,,,,,,,,,,,Πρωτάθλημα 1,,,,,,,,,,,,,,لیگ ۱,,,,,,,,,,,,
,,Primera Division - Women,,,,,,,,,,,,,,,,,,,,,,,,,,,,لیگ برتر نسائی,,,,,,,,,,,
,,Serie D - Girone B,,,,,,,,,,,,,,,,,,,,,,,,,,,,سری دی - گروه ب,,,,,,,,,,,
,,Saudi Prof. League,,,,,,,,,,,,,,,,,,,,,,,,,,,,لیگ حرفه ای عربستان,,,,,,,,,,,
,,Coppa Italia Serie D,,,,,,,,,,,,,,,,,,,,,,,,,,,,کپه ایتالیا سری دی,,,,,,,,,,,
,,Paranaense - 2. Divisao,,,,,,,,,,,,,,,,,,,,,,,,,,,,پاراناینس - دومین دسته,,,,,,,,,,,
,,Rwanda Premier League,,,,,,,,,,,,,,,,,,,,,,,,,,,,لیگ پیشگام رواندا,,,,,,,,,,,
,,Premium Liiga,,,,,,,,,,,,,,,,,,,,,,,,,,,,لیگ پیمانی لیگا,,,,,,,,,,,
,,Liga Portugal 2,,,,,,,,,,,,,,,,,,,,,,,,,,,,لیگ پرتغال 2,,,,,,,,,,,
,,National League,,,,,,,,,,,,,,,,,,,,,,,,,,,,لیگ ملی,,,,,,,,,,,
,,U21 UEFA European Championship - Qualification,,,,,,,,,,,,,,,,,,,,,,,,,,,,جام جهانی ۲۱ ساله اروپا - کوالیفیکیشن,,,,,,,,,,,
,,Gaucho,,,,,,,,,,,,,,,,,,,,,,,,,,,,گاوچو,,,,,,,,,,,
,,Regionalliga West,,,,,,,,,,,,,,,,,,,,,,,,,,,,رگیونالیگا وست,,,,,,,,,,,
,,Premier Soccer League,,,,,,,,,,,,,,,,,,,,,,,,,,,,لیگ پیشگام فوتبال,,,,,,,,,,,
,,European Championship Qualification,,,,,,,,,,,,,,,,,,,,,,,,,,,,کوالیفیکیشن جام جهانی اروپا,,,,,,,,,,,
,,Division de Honor - Clausura,,,,,,,,,,,,,,,,,,,,,,,,,,,,دیویشن دهور - کلوزورا,,,,,,,,,,,
,,Serie D - Girone I,,,,,,,,,,,,,,,,,,,,,,,,,,,,سری دی - گروه ای,,,,,,,,,,,
,,Paraibano,,,,,,,,,,,,,,,,,,,,,,,,,,,,پارایبانو,,,,,,,,,,,
,,Irish Cup,,,,,,,,,,,,,,,,,,,,,,,,,,,,جام ایرلند,,,,,,,,,,,
,,U20 CONMEBOL Ch.ship,,,,,,,,,,,,,,,,,,,,,,,,,,,,جام حذفه ای کنمبول,,,,,,,,,,,
,,PFL - South,,,,,,,,,,,,,,,,,,,,,,,,,,,,لیگ پی اف - جنوبی,,,,,,,,,,,
,,A-Junioren-Bundesliga N/N-E,,,,,,,,,,,,,,,,,,,,,,,,,,,,آ-جونیور-بوندس لیگا ن-ن-شرقی,,,,,,,,,,,
,,USL League One,,,,,,,,,,,,,,,,,,,,,,,,,,,,لیگ یواس ال لیگ وان,,,,,,,,,,,
,,Cup - Women,,,,,,,,,,,,,,,,,,,,,,,,,,,,کپه - زنان,,,,,,,,,,,
,,WK-League,,,,,,,,,,,,,,,,,,,,,,,,,,,,وی-کانگو لیگا,,,,,,,,,,,
,,Ligue 1,,,,,,,,,,,,,,,,,,,,,,,,,,,,لیگ یک,,,,,,,,,,,
,,Maranhense,,,,,,,,,,,,,,,,,,,,,,,,,,,,مارانهنس,,,,,,,,,,,
,,Serie D - Girone A,,,,,,,,,,,,,,,,,,,,,,,,,,,,سری دی - گروه آ,,,,,,,,,,,
,,Morocco Cup,,,,,,,,,,,,,,,,,,,,,,,,,,,,جام مراکش,,,,,,,,,,,
,,Tercera Federacion - Group 13,,,,,,,,,,,,,,,,,,,,,,,,,,,,ترسرا فدراسیون - گروه ۱۳,,,,,,,,,,,
,,Premier League,,,,,,,,,,,,,,,,,,,,,,,,,,,,لیگ پیشگام,,,,,,,,,,,
,,Segunda Division,,,,,,,,,,,,,,,,,,,,,,,,,,,,دومین دسته,,,,,,,,,,,
,,USL League Two,,,,,,,,,,,,,,,,,,,,,,,,,,,,لیگ یواس ال تو,,,,,,,,,,,
,,3rd Division Group 1,,,,,,,,,,,,,,,,,,,,,,,,,,,,سومین دسته - گروه ۱,,,,,,,,,,,
,,2. Lig,,,,,,,,,,,,,,,,,,,,,,,,,,,,دومین لیگ,,,,,,,,,,,
,,U17 AFC Asian Cup,,,,,,,,,,,,,,,,,,,,,,,,,,,,جام حذفه ای ایسیایی,,,,,,,,,,,
,,Alagoano,,,,,,,,,,,,,,,,,,,,,,,,,,,,آلاگوانو,,,,,,,,,,,
,,Canadian Premier League,,,,,,,,,,,,,,,,,,,,,,,,,,,,لیگ پیشگام کانادا,,,,,,,,,,,
,,Pro League,,,,,,,,,,,,,,,,,,,,,,,,,,,,لیگ پرو,,,,,,,,,,,
,,Botola 2,,,,,,,,,,,,,,,,,,,,,,,,,,,,بوتولا ۲,,,,,,,,,,,
,,Super League 2,,,,,,,,,,,,,,,,,,,,,,,,,,,,سوپر لیگ ۲,,,,,,,,,,,
,,2nd Division,,,,,,,,,,,,,,,,,,,,,,,,,,,,دومین دسته,,,,,,,,,,,
,,Damallsvenskan,,,,,,,,,,,,,,,,,,,,,,,,,,,,دامالسونکان,,,,,,,,,,,
,,League Two,,,,,,,,,,,,,,,,,,,,,,,,,,,,لیگ دو,,,,,,,,,,,
,,Bayernliga North,,,,,,,,,,,,,,,,,,,,,,,,,,,,بایرن لیگا شمالی,,,,,,,,,,,
,,Super Lig,,,,,,,,,,,,,,,,,,,,,,,,,,,,سوپر لیگ,,,,,,,,,,,
,,U17 European Women's Championship,,,,,,,,,,,,,,,,,,,,,,,,,,,,جام حذفه ای ۱۷ ساله اروپایی زنان,,,,,,,,,,,
,,Northern NSW NPL,,,,,,,,,,,,,,,,,,,,,,,,,,,,شمالی نورث نس پی ال,,,,,,,,,,,
,,Copa do Brasil,,,,,,,,,,,,,,,,,,,,,,,,,,,,کپه دو برازیل,,,,,,,,,,,
,,Beker van Belgie,,,,,,,,,,,,,,,,,,,,,,,,,,,,بکر وان بلژیک,,,,,,,,,,,
,,Superliga,,,,,,,,,,,,,,,,,,,,,,,,,,,,سوپر لیگا,,,,,,,,,,,
,,,Ligue 2,,,,,,,,,,,,,,Λιγκ 2,,,,,,,,,,,,,,لیگ دوم,,,,,,,,,,
,,,Prva Liga - Fed BiH,,,,,,,,,,,,,,Prva Liga - Fed BiH,,,,,,,,,,,,,,پروا لیگ - فد بی‌ه‌,,,,,,,,,,
,,,Serie C - Group A,,,,,,,,,,,,,,Serie C - Ομάδα A,,,,,,,,,,,,,,سری C - گروه A,,,,,,,,,,
,,,National League North,,,,,,,,,,,,,,Εθνική Λίγκα Βόρειας,,,,,,,,,,,,,,لیگ ملی شمال,,,,,,,,,,
,,,Kansallinen Liiga - Women,,,,,,,,,,,,,,Εθνική Λίγκα Γυναικών,,,,,,,,,,,,,,لیگ ملی - زنان,,,,,,,,,,
,,,Super League - Women,,,,,,,,,,,,,,Super League - Γυναικών,,,,,,,,,,,,,,لیگ سوپر,,,,,,,,,,
,,,Torneo Federal A,,,,,,,,,,,,,,Torneo Federal A,,,,,,,,,,,,,,تورنو فدرال A,,,,,,,,,,
,,,NPFL,,,,,,,,,,,,,,NPFL,,,,,,,,,,,,,,NPFL,,,,,,,,,,
,,,Liga Femenina,,,,,,,,,,,,,,Liga Femenina,,,,,,,,,,,,,,لیگ فمنین,,,,,,,,,,
,,,Division 2 - Vastra Gotaland,,,,,,,,,,,,,,Δεύτερη Φεδερασίου - Βόρεια Γοταλάνδη,,,,,,,,,,,,,,دومین دسته - واسترا گوتالاند,,,,,,,,,,
,,,Tercera Federacion - Group 12,,,,,,,,,,,,,,Tercera Federacion - Ομάδα 12,,,,,,,,,,,,,,سومین فدراسیون - گروه 12,,,,,,,,,,
,,,Premier League,,,,,,,,,,,,,,Πρωτάθλημα,,,,,,,,,,,,,,لیگ پرمیر,,,,,,,,,,
,,,Superliga,,,,,,,,,,,,,,Superliga,,,,,,,,,,,,,,سوپرلیگ,,,,,,,,,,
,,,Super Cup,,,,,,,,,,,,,,Super Cup,,,,,,,,,,,,,,سوپر کاپ,,,,,,,,,,
,,,Premier League,,,,,,,,,,,,,,Πρωτάθλημα,,,,,,,,,,,,,,لیگ پرمیر,,,,,,,,,,
,,,Campionato Primavera 1,,,,,,,,,,,,,,Campionato Primavera 1,,,,,,,,,,,,,,کامپیوتو پریماورا 1,,,,,,,,,,
,,,U19 Elit A,,,,,,,,,,,,,,U19 Elit A,,,,,,,,,,,,,,U19 الیت A,,,,,,,,,,
,,,Ykkonen,,,,,,,,,,,,,,Ykkonen,,,,,,,,,,,,,,یکونن,,,,,,,,,,
,,,Federation Cup,,,,,,,,,,,,,,Ομοσπονδιακό Κύπελλο,,,,,,,,,,,,,,فدراسیون کاپ,,,,,,,,,,
,,,Queensland NPL,,,,,,,,,,,,,,Queensland NPL,,,,,,,,,,,,,,قزوین NPL,,,,,,,,,,
,,,Division 2 - Norra Gotaland,,,,,,,,,,,,,,Δεύτερη Φεδερασίου - Νότια Γοταλάνδη,,,,,,,,,,,,,,دومین دسته - نورا گوتالاند,,,,,,,,,,
,,,Ligue 1,,,,,,,,,,,,,,Ligue 1,,,,,,,,,,,,,,لیگ یک,,,,,,,,,,
,,,Druga Liga Crne Gore,,,,,,,,,,,,,,Druga Liga Crne Gore,,,,,,,,,,,,,,دومین لیگ کره جنوبی,,,,,,,,,,
,,,Cyprus Women Cup,,,,,,,,,,,,,,Κύπρος Κύπελλο Γυναικών,,,,,,,,,,,,,,کاپ کره جنوبی - زنان,,,,,,,,,,
,,,Premier League 1 - Women,,,,,,,,,,,,,,Πρωτάθλημα 1 - Γυναικών,,,,,,,,,,,,,,لیگ پرمیر ۱ - زنان,,,,,,,,,,
,,,League Cup A - Women,,,,,,,,,,,,,,League Cup A - Γυναικών,,,,,,,,,,,,,,لیگ کاپ ا - زنان,,,,,,,,,,
,,,Besta deild - Women,,,,,,,,,,,,,,Besta deild - Γυναικών,,,,,,,,,,,,,,بستا دیلد - زنان,,,,,,,,,,
,,,Tunisian Cup,,,,,,,,,,,,,,Τουνησιακό Κύπελλο,,,,,,,,,,,,,,کاپ تونس,,,,,,,,,,
,,,Cup Crne Gore,,,,,,,,,,,,,,Cup Crne Gore,,,,,,,,,,,,,,کاپ کره جنوبی,,,,,,,,,,
,,,Schweizer Cup,,,,,,,,,,,,,,Schweizer Cup,,,,,,,,,,,,,,کاپ سوئیس,,,,,,,,,,
,,,Premier League - Women,,,,,,,,,,,,,,Πρωτάθλημα - Γυναικών,,,,,,,,,,,,,,لیگ پرمیر - زنان,,,,,,,,,,
,,,Pervaya Liga,,,,,,,,,,,,,,Pervaya Liga,,,,,,,,,,,,,,پروایا لیگ,,,,,,,,,,
,,,National League,,,,,,,,,,,,,,Εθνική Λίγκα,,,,,,,,,,,,,,لیگ ملی,,,,,,,,,,
,,,Omani League,,,,,,,,,,,,,,Ομάνι Λίγκα,,,,,,,,,,,,,,لیگ عمان,,,,,,,,,,
,,,Magyar Kupa,,,,,,,,,,,,,,Magyar Kupa,,,,,,,,,,,,,,مجارستان کوپا,,,,,,,,,,
,,,Serie D - Girone D,,,,,,,,,,,,,,Serie D - Girone D,,,,,,,,,,,,,,سری D - گروه D,,,,,,,,,,
,,,DFB-Pokal Junioren,,,,,,,,,,,,,,DFB-Pokal Junioren,,,,,,,,,,,,,,DFB-Pokal Junioren,,,,,,,,,,
,,,Premier League,,,,,,,,,,,,,,Πρωτάθλημα,,,,,,,,,,,,,,لیگ پرمیر,,,,,,,,,,
,,,Division 1 Women,,,,,,,,,,,,,,Δεύτερη Φεδερασίου Γυναικών,,,,,,,,,,,,,,دومین دسته - زنان,,,,,,,,,,
,,,I-League,,,,,,,,,,,,,,I-League,,,,,,,,,,,,,,I-League,,,,,,,,,,
,,,FA Cup,,,,,,,,,,,,,,FA Cup,,,,,,,,,,,,,,FA کاپ,,,,,,,,,,
,,,Tercera Federacion - Group 14,,,,,,,,,,,,,,Tercera Federacion - Ομάδα 14,,,,,,,,,,,,,,سومین فدراسیون - گروه 14,,,,,,,,,,
,,,III Liga - Group 2,,,,,,,,,,,,,,III Liga - Ομάδα 2,,,,,,,,,,,,,,سومین لیگ - گروه 2,,,,,,,,,,
,,,Turkiye Kupasi,,,,,,,,,,,,,,Turkiye Kupasi,,,,,,,,,,,,,,تورکیه کوپاسی,,,,,,,,,,
,,,Primera D Metropolitana,,,,,,,,,,,,,,Primera D Metropolitana,,,,,,,,,,,,,,پریما دی متروپولیتانا,,,,,,,,,,
,,,LFF Cup,,,,,,,,,,,,,,LFF Cup,,,,,,,,,,,,,,LFF کاپ,,,,,,,,,,
,,,CAF Champions League,,,,,,,,,,,,,,CAF Champions League,,,,,,,,,,,,,,CAF چمپیونز لیگ,,,,,,,,,,
,,,U19 European Championship - Women - Qualification,,,,,,,,,,,,,,U19 European Championship - Γυναικών - Προπόνηση,,,,,,,,,,,,,,U19 اروپایی چمپیونشی - زنان - کیوالیفیکیشن,,,,,,,,,,
,,,Liga Profesional - Reserves,,,,,,,,,,,,,,Liga Profesional - Αναθέσεις,,,,,,,,,,,,,,لیگ پروفسور - رزروها,,,,,,,,,,
,,,Premier League,,,,,,,,,,,,,,Πρωτάθλημα,,,,,,,,,,,,,,لیگ پرمیر,,,,,,,,,,
,,,,Super Cup,,,,,,,,,,,,,,,,,,,,,,,,,,,,سوپر کپ,,,,,,,,,
,,,,Regionalliga North,,,,,,,,,,,,,,,,,,,,,,,,,,,,رژیونالیگا نورت,,,,,,,,,
,,,,Superliga,,,,,,,,,,,,,,,,,,,,,,,,,,,,سوپرلیگا,,,,,,,,,
,,,,Cymru Premier,,,,,,,,,,,,,,,,,,,,,,,,,,,,سیمرو پرمیئر,,,,,,,,,
,,,,LigaPro Primera A,,,,,,,,,,,,,,,,,,,,,,,,,,,,لیگا پرو میرا ای,,,,,,,,,
,,,,Elite One,,,,,,,,,,,,,,,,,,,,,,,,,,,,الیت وان,,,,,,,,,
,,,,Prva Liga - Rep of Srpska,,,,,,,,,,,,,,,,,,,,,,,,,,,,پرووا لیگا - جمهوری سرپسکا,,,,,,,,,
,,,,Nadeshiko League - Div. 1 - Women,,,,,,,,,,,,,,,,,,,,,,,,,,,,نادشیکو لیگ - دیویشن 1 - زنان,,,,,,,,,
,,,,Toulon Tournament,,,,,,,,,,,,,,,,,,,,,,,,,,,,تولون تورنمنت,,,,,,,,,
,,,,Primavera Cup,,,,,,,,,,,,,,,,,,,,,,,,,,,,پریماورا کپ,,,,,,,,,
,,,,Taca de Portugal,,,,,,,,,,,,,,,,,,,,,,,,,,,,تاکا د پرتوگال,,,,,,,,,
,,,,Amapaense,,,,,,,,,,,,,,,,,,,,,,,,,,,,آماپاینز,,,,,,,,,
,,,,Brasileiro Serie A,,,,,,,,,,,,,,,,,,,,,,,,,,,,برازیلیرو سری ا,,,,,,,,,
,,,,Bosnia & Herzegovina Cup,,,,,,,,,,,,,,,,,,,,,,,,,,,,بوسنیا و هرزگوینی کپ,,,,,,,,,
,,,,Primera Division,,,,,,,,,,,,,,,,,,,,,,,,,,,,پریمیرا دیویشن,,,,,,,,,
,,,,1. MFL,,,,,,,,,,,,,,,,,,,,,,,,,,,,1. MFL,,,,,,,,,
,,,,Southern Football League - Premier Division South,,,,,,,,,,,,,,,,,,,,,,,,,,,,جنوبی فوتبال لیگ - پرمیئر دیویشن جنوب,,,,,,,,,
,,,,Macedonia Cup,,,,,,,,,,,,,,,,,,,,,,,,,,,,مقدونیه کپ,,,,,,,,,
,,,,Premier League,,,,,,,,,,,,,,,,,,,,,,,,,,,,پرمیئر لیگ,,,,,,,,,
,,,,Cup,,,,,,,,,,,,,,,,,,,,,,,,,,,,کپ,,,,,,,,,
,,,,A-League,,,,,,,,,,,,,,,,,,,,,,,,,,,,آ لیگ,,,,,,,,,
,,,,Segunda Federacion,,,,,,,,,,,,,,,,,,,,,,,,,,,,سگوندا فدراسیون,,,,,,,,,
,,,,Division 1,,,,,,,,,,,,,,,,,,,,,,,,,,,,دیویشن 1,,,,,,,,,
,,,,1st deild,,,,,,,,,,,,,,,,,,,,,,,,,,,,1st deild,,,,,,,,,
,,,,Premier League 2 - Div. 2,,,,,,,,,,,,,,,,,,,,,,,,,,,,پرمیئر لیگ 2 - دیویشن 2,,,,,,,,,
,,,,III Liga - Group 3,,,,,,,,,,,,,,,,,,,,,,,,,,,,III لیگا - گروپ 3,,,,,,,,,
,,,,Super League,,,,,,,,,,,,,,,,,,,,,,,,,,,,سوپر لیگ,,,,,,,,,
,,,,1. Lig,,,,,,,,,,,,,,,,,,,,,,,,,,,,1. لیگ,,,,,,,,,
,,,,Thai League 1,,,,,,,,,,,,,,,,,,,,,,,,,,,,تای لیگ 1,,,,,,,,,
,,,,Liga de Expansion MX - Clausura,,,,,,,,,,,,,,,,,,,,,,,,,,,,لیگا د اکسپنشن - کلاسورا,,,,,,,,,
,,,,Tercera Federacion - Group 8,,,,,,,,,,,,,,,,,,,,,,,,,,,,ترسرا فدراسیون - گروپ 8,,,,,,,,,
,,,,Primera Federacion,,,,,,,,,,,,,,,,,,,,,,,,,,,,پریمیرا فدراسیون,,,,,,,,,
,,,,Kategoria e Pare,,,,,,,,,,,,,,,,,,,,,,,,,,,,کتگوریا ای پری,,,,,,,,,
,,,,Tercera Federacion - Group 9,,,,,,,,,,,,,,,,,,,,,,,,,,,,ترسرا فدراسیون - گروپ 9,,,,,,,,,
,,,,Cup,,,,,,,,,,,,,,,,,,,,,,,,,,,,کپ,,,,,,,,,
,,,,FAI Presidents Cup,,,,,,,,,,,,,,,,,,,,,,,,,,,,FAI پرزیدنتز کپ,,,,,,,,,
,,,,CONCACAF Nations League,,,,,,,,,,,,,,,,,,,,,,,,,,,,CONCACAF نیشنز لیگ,,,,,,,,,
,,,,Tercera Federacion - Group 2,,,,,,,,,,,,,,,,,,,,,,,,,,,,ترسرا فدراسیون - گروپ 2,,,,,,,,,
,,,,Premier League,,,,,,,,,,,,,,,,,,,,,,,,,,,,پرمیئر لیگ,,,,,,,,,
,,,,Brasileiro Serie D,,,,,,,,,,,,,,,,,,,,,,,,,,,,برازیلیرو سری D,,,,,,,,,
,,,,First League,,,,,,,,,,,,,,,,,,,,,,,,,,,,فایرست لیگ,,,,,,,,,
,,,,Goiano,,,,,,,,,,,,,,,,,,,,,,,,,,,,گوئیانو,,,,,,,,,
,,,,CAF Confederations Cup,,,,,,,,,,,,,,,,,,,,,,,,,,,,CAF کانفدراسیونز کپ,,,,,,,,,
,,,,Cymru Championship South,,,,,,,,,,,,,,,,,,,,,,,,,,,,سیمرو چمپیونش جنوب,,,,,,,,,
,,,,Premier League,,,,,,,,,,,,,,,,,,,,,,,,,,,,پرمیئر لیگ,,,,,,,,,
,,,,Vysshaya Liga,,,,,,,,,,,,,,,,,,,,,,,,,,,,ویشایا لیگا,,,,,,,,,
,,,,Botola,,,,,,,,,,,,,,,,,,,,,,,,,,,,بوتولا,,,,,,,,,
,,,,Algerian Cup,,,,,,,,,,,,,,,,,,,,,,,,,,,,الجزایری کپ,,,,,,,,,
,,,,Gaza Strip Premier League,,,,,,,,,,,,,,,,,,,,,,,,,,,,لیگ پرمیئر قزاقستان,,,,,,,,,
,,,,PFL - Ural-Povolzhye,,,,,,,,,,,,,,,,,,,,,,,,,,,,PFL - Ural-Povolzhye,,,,,,,,,
,,,,,National League,,,,,,,,,,,,,,Εθνική Λίγκα,,,,,,,,,,,,,,لیگ ملی,,,,,,,,
,,,,,PFL - West,,,,,,,,,,,,,,PFL - Δύση,,,,,,,,,,,,,,لیگ PFL-غرب,,,,,,,,
,,,,,Liga Premier Serie A - Clausura,,,,,,,,,,,,,,Liga Premier Serie A - Clausura,,,,,,,,,,,,,,لیگ پرمیوم سری A - کلوزورا,,,,,,,,
,,,,,Kakkonen - Group C,,,,,,,,,,,,,,Kakkonen - Ομάδα C,,,,,,,,,,,,,,کاکونن - گروه C,,,,,,,,
,,,,,Sergipano,,,,,,,,,,,,,,Sergipano,,,,,,,,,,,,,,سرگیپانو,,,,,,,,
,,,,,Major League Soccer,,,,,,,,,,,,,,Μεγάλη Λίγκα Σουάρ,,,,,,,,,,,,,,لیگ بزرگ ملی,,,,,,,,
,,,,,Brasileiro Serie A2 - Women,,,,,,,,,,,,,,Brasileiro Serie A2 - Γυναίκες,,,,,,,,,,,,,,برزیلیرو سری A2 - زنان,,,,,,,,
,,,,,Suomen Cup,,,,,,,,,,,,,,Suomen Cup,,,,,,,,,,,,,,کپ فنلاند,,,,,,,,
,,,,,Sultan Cup,,,,,,,,,,,,,,Σουλτάν Cup,,,,,,,,,,,,,,سلطان کپ,,,,,,,,
,,,,,PrvaLiga,,,,,,,,,,,,,,PrvaLiga,,,,,,,,,,,,,,پروا لیگا,,,,,,,,
,,,,,FA Cup,,,,,,,,,,,,,,FA Cup,,,,,,,,,,,,,,کپ فوتبال انگلستان,,,,,,,,
,,,,,League One,,,,,,,,,,,,,,League One,,,,,,,,,,,,,,لیگ یک,,,,,,,,
,,,,,Eredivisie - Women,,,,,,,,,,,,,,Eredivisie - Γυναίκες,,,,,,,,,,,,,,اردیویسی - زنان,,,,,,,,
,,,,,Premier League,,,,,,,,,,,,,,Πρωτάθλημα,,,,,,,,,,,,,,لیگ پرمیر,,,,,,,,
,,,,,Super Cup,,,,,,,,,,,,,,Σούπερ Καπ,,,,,,,,,,,,,,سوپر کپ,,,,,,,,
,,,,,FA Cup,,,,,,,,,,,,,,FA Cup,,,,,,,,,,,,,,کپ فوتبال انگلستان,,,,,,,,
,,,,,1st Division,,,,,,,,,,,,,,1η Διοίκηση,,,,,,,,,,,,,,دیویسی یک,,,,,,,,
,,,,,Super Cup,,,,,,,,,,,,,,Σούπερ Καπ,,,,,,,,,,,,,,سوپر کپ,,,,,,,,
,,,,,Kvindeligaen - Women,,,,,,,,,,,,,,Kvindeligaen - Γυναίκες,,,,,,,,,,,,,,کویندلیگان - زنان,,,,,,,,
,,,,,Premier League 2,,,,,,,,,,,,,,Πρωτάθλημα 2,,,,,,,,,,,,,,لیگ پرمیر 2,,,,,,,,
,,,,,DFB Pokal,,,,,,,,,,,,,,DFB Pokal,,,,,,,,,,,,,,DFB Pokal,,,,,,,,
,,,,,A-Junioren-Bundesliga West,,,,,,,,,,,,,,A-Junioren-Bundesliga Δύση,,,,,,,,,,,,,,A-Junioren-Bundesliga West,,,,,,,,
,,,,,Tercera Federacion - Group 6,,,,,,,,,,,,,,Tercera Federacion - Ομάδα 6,,,,,,,,,,,,,,فدراسیون ترسرا - گروه 6,,,,,,,,
,,,,,Arnold Clark Cup - Women,,,,,,,,,,,,,,Arnold Clark Cup - Γυναίκες,,,,,,,,,,,,,,آرنولد کلاک کپ - زنان,,,,,,,,
,,,,,Liga Premier Serie B - Clausura,,,,,,,,,,,,,,Liga Premier Serie B - Clausura,,,,,,,,,,,,,,لیگ پرمیوم سری B - کلوزورا,,,,,,,,
,,,,,U23 Friendly Games,,,,,,,,,,,,,,U23 Friendly Games,,,,,,,,,,,,,,جام دوستانه U23,,,,,,,,
,,,,,Challenge League,,,,,,,,,,,,,,Challenge League,,,,,,,,,,,,,,لیگ چالش,,,,,,,,
,,,,,DFB Pokal Women,,,,,,,,,,,,,,DFB Pokal Γυναίκες,,,,,,,,,,,,,,DFB Pokal Women,,,,,,,,
,,,,,Premier League,,,,,,,,,,,,,,Πρωτάθλημα,,,,,,,,,,,,,,لیگ پرمیر,,,,,,,,
,,,,,Tweede Divisie,,,,,,,,,,,,,,Tweede Divisie,,,,,,,,,,,,,,دویسی دوم,,,,,,,,
,,,,,Catarinense - Serie B,,,,,,,,,,,,,,Catarinense - Serie B,,,,,,,,,,,,,,کاتارینز - سری B,,,,,,,,
,,,,,Regionalliga Salzburg,,,,,,,,,,,,,,Regionalliga Salzburg,,,,,,,,,,,,,,رجیونالیگا Salzburg,,,,,,,,
,,,,,Paulista - Women,,,,,,,,,,,,,,Paulista - Γυναίκες,,,,,,,,,,,,,,پولیستا - زنان,,,,,,,,
,,,,,Hessenliga,,,,,,,,,,,,,,Hessenliga,,,,,,,,,,,,,,هسن لیگا,,,,,,,,
,,,,,3. Lig - Group 1,,,,,,,,,,,,,,3. Lig - Ομάδα 1,,,,,,,,,,,,,,3. Lig - گروه 1,,,,,,,,
,,,,,Schleswig-Holstein-Liga,,,,,,,,,,,,,,Schleswig-Holstein-Liga,,,,,,,,,,,,,,شلزویگ-هلشتاین-لیگا,,,,,,,,
,,,,,U17 European Championship,,,,,,,,,,,,,,U17 Ευρωπαϊκό Πρωτάθλημα,,,,,,,,,,,,,,اوروپایی U17,,,,,,,,
,,,,,Stars Cup,,,,,,,,,,,,,,Σταρς Καπ,,,,,,,,,,,,,,ستاره ها کپ,,,,,,,,
,,,,,Primera Division - Reserves - Clausura,,,,,,,,,,,,,,Primera Division - Αναπληρωματικοί - Clausura,,,,,,,,,,,,,,پریمرا دیویسی - رزروو - کلوزورا,,,,,,,,
,,,,,First League,,,,,,,,,,,,,,Πρώτη Λίγκα,,,,,,,,,,,,,,لیگ اول,,,,,,,,
,,,,,Paulista - Serie A3,,,,,,,,,,,,,,Paulista - Serie A3,,,,,,,,,,,,,,پولیستا - سری A3,,,,,,,,
,,,,,Puchar Polski,,,,,,,,,,,,,,Puchar Polski,,,,,,,,,,,,,,پوشار پولسکی,,,,,,,,
,,,,,U20 Carioca - Serie A,,,,,,,,,,,,,,U20 Carioca - Serie A,,,,,,,,,,,,,,U20 کاریوکا - سری A,,,,,,,,
,,,,,AFC Champions League,,,,,,,,,,,,,,AFC Champions League,,,,,,,,,,,,,,لیگ قهرمانان آسیایی,,,,,,,,
,,,,,3rd Division,,,,,,,,,,,,,,3η Διοίκηση,,,,,,,,,,,,,,دیویسی سوم,,,,,,,,
,,,,,HNL,,,,,,,,,,,,,,HNL,,,,,,,,,,,,,,HNL,,,,,,,,
,,,,,Campeonato Nacional - Women,,,,,,,,,,,,,,Campeonato Nacional - Γυναίκες,,,,,,,,,,,,,,کامپیوناتو ناسیونال - زنان,,,,,,,,
,,,,,Campionato Primavera 2,,,,,,,,,,,,,,Campionato Primavera 2,,,,,,,,,,,,,,کامپیوناتو پریماورا 2,,,,,,,,
,,,,,Liga Portugal 3,,,,,,,,,,,,,,Liga Portugal 3,,,,,,,,,,,,,,لیگ پرتغال 3,,,,,,,,
,,,,,Serie D - Girone H,,,,,,,,,,,,,,Serie D - Girone H,,,,,,,,,,,,,,سری D - گروه H,,,,,,,,
,,,,,,Federation Cup,,,,,,,,,,,,,,,,,,,,,,,,,,,,فدراسیون کپ,,,,,,,
,,,,,,Slovenia Cup,,,,,,,,,,,,,,,,,,,,,,,,,,,,کپ اسلوونی,,,,,,,
,,,,,,Premier League,,,,,,,,,,,,,,,,,,,,,,,,,,,,لیگ پرمیور,,,,,,,
,,,,,,NB I - Women,,,,,,,,,,,,,,,,,,,,,,,,,,,,NB I - زنان,,,,,,,
,,,,,,FA Womens League Cup,,,,,,,,,,,,,,,,,,,,,,,,,,,,لیگ کپ فا - زنان,,,,,,,
,,,,,,Erovnuli Liga 2,,,,,,,,,,,,,,,,,,,,,,,,,,,,ارونولی لیگ 2,,,,,,,
,,,,,,U23 Southeast Asian Games,,,,,,,,,,,,,,,,,,,,,,,,,,,,U23 بازی های جام جهانی جنوب شرقی,,,,,,,
,,,,,,UEFA Youth League,,,,,,,,,,,,,,,,,,,,,,,,,,,,لیگ یوتی یوافا,,,,,,,
,,,,,,2nd Division,,,,,,,,,,,,,,,,,,,,,,,,,,,,دومین دسته,,,,,,,
,,,,,,Cyprus Cup,,,,,,,,,,,,,,,,,,,,,,,,,,,,کپ قبرس,,,,,,,
,,,,,,FA Cup - Women,,,,,,,,,,,,,,,,,,,,,,,,,,,,کپ فا - زنان,,,,,,,
,,,,,,Paulista - Serie A2,,,,,,,,,,,,,,,,,,,,,,,,,,,,پولیستا - سری A2,,,,,,,
,,,,,,FIFA Club World Cup,,,,,,,,,,,,,,,,,,,,,,,,,,,,کپ باشگاه های جهانی فدراسیون,,,,,,,
,,,,,,MLS Next Pro,,,,,,,,,,,,,,,,,,,,,,,,,,,,MLS نکست پرو,,,,,,,
,,,,,,Premier Division,,,,,,,,,,,,,,,,,,,,,,,,,,,,لیگ پرمیور,,,,,,,
,,,,,,Kategoria Superiore,,,,,,,,,,,,,,,,,,,,,,,,,,,,کاتگوریا اسوپریور,,,,,,,
,,,,,,Tercera Federacion - Group 11,,,,,,,,,,,,,,,,,,,,,,,,,,,,Tercera Federacion - گروه 11,,,,,,,
,,,,,,U20 Campeonato Brasileiro,,,,,,,,,,,,,,,,,,,,,,,,,,,,U20 Campeonato Brasileiro,,,,,,,
,,,,,,Serie B,,,,,,,,,,,,,,,,,,,,,,,,,,,,سری B,,,,,,,
,,,,,,Regionalliga West,,,,,,,,,,,,,,,,,,,,,,,,,,,,Regionalliga West,,,,,,,
,,,,,,Tercera Federacion - Group 16,,,,,,,,,,,,,,,,,,,,,,,,,,,,Tercera Federacion - گروه 16,,,,,,,
,,,,,,Premier League,,,,,,,,,,,,,,,,,,,,,,,,,,,,لیگ پرمیور,,,,,,,
,,,,,,Liga 2,,,,,,,,,,,,,,,,,,,,,,,,,,,,لیگ 2,,,,,,,
,,,,,,Community Shield,,,,,,,,,,,,,,,,,,,,,,,,,,,,شیلد اجتماعی,,,,,,,
,,,,,,1. CFL,,,,,,,,,,,,,,,,,,,,,,,,,,,,1. CFL,,,,,,,
,,,,,,Primera B,,,,,,,,,,,,,,,,,,,,,,,,,,,,Primera B,,,,,,,
,,,,,,A Lyga,,,,,,,,,,,,,,,,,,,,,,,,,,,,A Lyga,,,,,,,
,,,,,,NM Cup Women,,,,,,,,,,,,,,,,,,,,,,,,,,,,کپ NM زنان,,,,,,,
,,,,,,KNVB beker,,,,,,,,,,,,,,,,,,,,,,,,,,,,KNVB beker,,,,,,,
,,,,,,U21 Allsvenskan,,,,,,,,,,,,,,,,,,,,,,,,,,,,U21 Allsvenskan,,,,,,,
,,,,,,PFL - Center,,,,,,,,,,,,,,,,,,,,,,,,,,,,PFL - مرکز,,,,,,,
,,,,,,Division de Honor - Apertura,,,,,,,,,,,,,,,,,,,,,,,,,,,,Division de Honor - Apertura,,,,,,,
,,,,,,Sul-Mato-Grossense,,,,,,,,,,,,,,,,,,,,,,,,,,,,Sul-Mato-Grossense,,,,,,,
,,,,,,Second Divisio,,,,,,,,,,,,,,,,,,,,,,,,,,,,دومین دسته,,,,,,,
,,,,,,Romania Cup,,,,,,,,,,,,,,,,,,,,,,,,,,,,کپ رومانیا,,,,,,,
,,,,,,U17 CONMEBOL Championship,,,,,,,,,,,,,,,,,,,,,,,,,,,,U17 CONMEBOL Championship,,,,,,,
,,,,,,Armenian Cup,,,,,,,,,,,,,,,,,,,,,,,,,,,,کپ ارمنستان,,,,,,,
,,,,,,OFC Champions League,,,,,,,,,,,,,,,,,,,,,,,,,,,,لیگ برتر های اف سی,,,,,,,
,,,,,,Premier League,,,,,,,,,,,,,,,,,,,,,,,,,,,,لیگ پرمیور,,,,,,,
,,,,,,Eredivisie,,,,,,,,,,,,,,,,,,,,,,,,,,,,Eredivisie,,,,,,,
,,,,,,Pervaya Liga,,,,,,,,,,,,,,,,,,,,,,,,,,,,Pervaya Liga,,,,,,,
,,,,,,Indian Super Cup,,,,,,,,,,,,,,,,,,,,,,,,,,,,سوپر کپ هند,,,,,,,
,,,,,,Copa Verde,,,,,,,,,,,,,,,,,,,,,,,,,,,,کپ ورده,,,,,,,
,,,,,,Premier League,,,,,,,,,,,,,,,,,,,,,,,,,,,,لیگ پرمیور,,,,,,,
,,,,,,League 2,,,,,,,,,,,,,,,,,,,,,,,,,,,,لیگ 2,,,,,,,
,,,,,,U20 Liga MX,,,,,,,,,,,,,,,,,,,,,,,,,,,,U20 Liga MX,,,,,,,
,,,,,,Campeonato Rondoniense,,,,,,,,,,,,,,,,,,,,,,,,,,,,Campeonato Rondoniense,,,,,,,
,,,,,,Philippines Footb. League,,,,,,,,,,,,,,,,,,,,,,,,,,,,لیگ فوتبال فیلیپین,,,,,,,
,,,,,,Queensland NPL - Women,,,,,,,,,,,,,,,,,,,,,,,,,,,,Queensland NPL - زنان,,,,,,,
,,,,,,Serie C - Group B,,,,,,,,,,,,,,,,,,,,,,,,,,,,سری C - گروه B,,,,,,,
,,,,,,,Super Cup,,,,,,,,,,,,,,,,,,,,,,,,,,,,سوپر كپ,,,,,,
,,,,,,,Victoria NPL - Women,,,,,,,,,,,,,,,,,,,,,,,,,,,,ويکتوريا NPL - زنان,,,,,,
,,,,,,,Championnat National U19,,,,,,,,,,,,,,,,,,,,,,,,,,,,چامپیونات نشستونال U19,,,,,,
,,,,,,,Bayernliga South,,,,,,,,,,,,,,,,,,,,,,,,,,,,بايرنليگا جنوبی,,,,,,
,,,,,,,CFL,,,,,,,,,,,,,,,,,,,,,,,,,,,,CFL,,,,,,
,,,,,,,UEFA Champions League Women,,,,,,,,,,,,,,,,,,,,,,,,,,,,لیگ قهرمانان اوروپا - زنان,,,,,,
,,,,,,,Divizia A,,,,,,,,,,,,,,,,,,,,,,,,,,,,دیویزیا ای,,,,,,
,,,,,,,1st Division - Women,,,,,,,,,,,,,,,,,,,,,,,,,,,,دیویزیون یک - زنان,,,,,,
,,,,,,,Division 2 - Sodra Gotaland,,,,,,,,,,,,,,,,,,,,,,,,,,,,دیویزیون دو - سودرا گوتالاند,,,,,,
,,,,,,,3. Lig - Group 3,,,,,,,,,,,,,,,,,,,,,,,,,,,,3. لیگ - گروه 3,,,,,,
,,,,,,,Campeonato Brasileiro - Women,,,,,,,,,,,,,,,,,,,,,,,,,,,,کامپیوناتو برازیلی - زنان,,,,,,
,,,,,,,U19 Elit B,,,,,,,,,,,,,,,,,,,,,,,,,,,,U19 الیت بی,,,,,,
,,,,,,,Coupe de Luxembourg,,,,,,,,,,,,,,,,,,,,,,,,,,,,كوپ لوکزامبورگ,,,,,,
,,,,,,,First Division,,,,,,,,,,,,,,,,,,,,,,,,,,,,دیویزیون یک,,,,,,
,,,,,,,Championship,,,,,,,,,,,,,,,,,,,,,,,,,,,,چامپیونشیپ,,,,,,
,,,,,,,Oberliga Mittelrhein,,,,,,,,,,,,,,,,,,,,,,,,,,,,اوبرلیگا میتلرخاین,,,,,,
,,,,,,,Arabian Gulf League,,,,,,,,,,,,,,,,,,,,,,,,,,,,لیگ خلیج عرب,,,,,,
,,,,,,,U19 European Championship - Qualification,,,,,,,,,,,,,,,,,,,,,,,,,,,,U19 چامپیونشیپ اروپا - کوالیفاسیون,,,,,,
,,,,,,,Serie B,,,,,,,,,,,,,,,,,,,,,,,,,,,,سری بی,,,,,,
,,,,,,,Division Profesional,,,,,,,,,,,,,,,,,,,,,,,,,,,,دیویزیون پروفیشنال,,,,,,
,,,,,,,Ekstraklasa,,,,,,,,,,,,,,,,,,,,,,,,,,,,اکستراکلاسا,,,,,,
,,,,,,,Allsvenskan,,,,,,,,,,,,,,,,,,,,,,,,,,,,السونسکان,,,,,,
,,,,,,,Paraense,,,,,,,,,,,,,,,,,,,,,,,,,,,,پارانسه,,,,,,
,,,,,,,Northern Premier League - Premier Division,,,,,,,,,,,,,,,,,,,,,,,,,,,,نوروث پریمیر لیگ - پریمیر دیویزیون,,,,,,
,,,,,,,Primera Divisio,,,,,,,,,,,,,,,,,,,,,,,,,,,,پریمیرا دیویزیون,,,,,,
,,,,,,,National League,,,,,,,,,,,,,,,,,,,,,,,,,,,,لیگ نشستونال,,,,,,
,,,,,,,Primera Division - Clausura,,,,,,,,,,,,,,,,,,,,,,,,,,,,پریمیرا دیویزیون - کلاوسورا,,,,,,
,,,,,,,CLJ,,,,,,,,,,,,,,,,,,,,,,,,,,,,CLJ,,,,,,
,,,,,,,Premiership,,,,,,,,,,,,,,,,,,,,,,,,,,,,پریمیرشیپ,,,,,,
,,,,,,,Toppserien - Women,,,,,,,,,,,,,,,,,,,,,,,,,,,,توپسرین - زنان,,,,,,
,,,,,,,National,,,,,,,,,,,,,,,,,,,,,,,,,,,,نشستونال,,,,,,
,,,,,,,Premier League,,,,,,,,,,,,,,,,,,,,,,,,,,,,پریمیر لیگ,,,,,,
,,,,,,,CONMEBOL UEFA Cup of Champions - Women,,,,,,,,,,,,,,,,,,,,,,,,,,,,CONMEBOL اوروپا كپ قهرمانان - زنان,,,,,,
,,,,,,,Coppa Italia - Women,,,,,,,,,,,,,,,,,,,,,,,,,,,,كوپا ایتالیا - زنان,,,,,,
,,,,,,,Premiership,,,,,,,,,,,,,,,,,,,,,,,,,,,,پریمیرشیپ,,,,,,
,,,,,,,Liga MX - Women - Clausura,,,,,,,,,,,,,,,,,,,,,,,,,,,,لیگ ام ایکس - زنان - کلاوسورا,,,,,,
,,,,,,,Regionalliga Northeast,,,,,,,,,,,,,,,,,,,,,,,,,,,,رجیونال لیگ شمال شرقی,,,,,,
,,,,,,,Supercoppa di Lega Pro,,,,,,,,,,,,,,,,,,,,,,,,,,,,سوپركوپا دی لگا پرو,,,,,,
,,,,,,,J.League 2,,,,,,,,,,,,,,,,,,,,,,,,,,,,جی لیگ 2,,,,,,
,,,,,,,Mineiro,,,,,,,,,,,,,,,,,,,,,,,,,,,,مینیرو,,,,,,
,,,,,,,K-League 1,,,,,,,,,,,,,,,,,,,,,,,,,,,,کی لیگ 1,,,,,,
,,,,,,,Ekstraliga - Women,,,,,,,,,,,,,,,,,,,,,,,,,,,,اکسترالیگا - زنان,,,,,,
,,,,,,,Recopa Sudamericana,,,,,,,,,,,,,,,,,,,,,,,,,,,,رکوپا سودامریکانا,,,,,,
,,,,,,,World Cup - Women,,,,,,,,,,,,,,,,,,,,,,,,,,,,کاپ جهانی - زنان,,,,,,
,,,,,,,Emir Cup,,,,,,,,,,,,,,,,,,,,,,,,,,,,امیر كوپ,,,,,,
,,,,,,,2. Liga,,,,,,,,,,,,,,,,,,,,,,,,,,,,2. لیگ,,,,,,
,,,,,,,King of Bahrain Cup,,,,,,,,,,,,,,,,,,,,,,,,,,,,كوپ پادشاه بحرین,,,,,,
,,,,,,,NB II,,,,,,,,,,,,,,,,,,,,,,,,,,,,NB II,,,,,,
,,,,,,,Catarinense,,,,,,,,,,,,,,,,,,,,,,,,,,,,کاتارینسه,,,,,,
,,,,,,,U19 Super League,,,,,,,,,,,,,,,,,,,,,,,,,,,,U19 سوپر لیگ,,,,,,
,,,,,,,,Bulgarian Cup,,,,,,,,,,,,,,Κύπελλο Βουλγαρίας,,,,,,,,,,,,,,کشتی یوفای بلغارستان,,,,,
,,,,,,,,Danmarksserien,,,,,,,,,,,,,,Δανική Σερίεν,,,,,,,,,,,,,,دانمارک سریه,,,,,
,,,,,,,,A-Junioren-Bundesliga - Playoffs,,,,,,,,,,,,,,Α-Junioren-Bundesliga - Παναχαικά,,,,,,,,,,,,,,بوندسلیگا - پلی آف,,,,,
,,,,,,,,Coppa Italia,,,,,,,,,,,,,,Κόπα Ιταλίας,,,,,,,,,,,,,,کپا ایتالیا,,,,,
,,,,,,,,Besta deild,,,,,,,,,,,,,,Besta deild,,,,,,,,,,,,,,بزتا دیلد,,,,,
,,,,,,,,Premier League,,,,,,,,,,,,,,Πρωτάθλημα,,,,,,,,,,,,,,پرمیر لیگ,,,,,
,,,,,,,,National League South,,,,,,,,,,,,,,Εθνική Λίγκα Νότου,,,,,,,,,,,,,,لیگ ملی جنوب,,,,,
,,,,,,,,Parva Liga,,,,,,,,,,,,,,Parva Liga,,,,,,,,,,,,,,پاروا لیگا,,,,,
,,,,,,,,Division 1,,,,,,,,,,,,,,Δεύτερη Κατηγορία,,,,,,,,,,,,,,دیویشن 1,,,,,
,,,,,,,,Premier League,,,,,,,,,,,,,,Πρωτάθλημα,,,,,,,,,,,,,,پرمیر لیگ,,,,,
,,,,,,,,Liga I,,,,,,,,,,,,,,Liga I,,,,,,,,,,,,,,لیگ ای,,,,,
,,,,,,,,Regionalliga Centre,,,,,,,,,,,,,,Regionalliga Centre,,,,,,,,,,,,,,رگونالیگا مرکز,,,,,
,,,,,,,,Southern Football League -Premier Division Central,,,,,,,,,,,,,,Νότιος Ποδοσφαιρικός Σύλλογος - Πρωτάθλημα Κεντρικής,,,,,,,,,,,,,,لیگ فوتبال جنوبی - پرمیر دیویشن مرکز,,,,,
,,,,,,,,Serie D - Girone C,,,,,,,,,,,,,,Serie D - Girone C,,,,,,,,,,,,,,سری دی - گیرون C,,,,,
,,,,,,,,Victoria - NPL1,,,,,,,,,,,,,,Βικτώρια - NPL1,,,,,,,,,,,,,,ویکتوریا - NPL1,,,,,
,,,,,,,,Primera Division,,,,,,,,,,,,,,Πρώτη Διαιρέσεις,,,,,,,,,,,,,,پریمیرا دیویشن,,,,,
,,,,,,,,USL W League,,,,,,,,,,,,,,USL W League,,,,,,,,,,,,,,USL W لیگ,,,,,
,,,,,,,,NB I,,,,,,,,,,,,,,NB I,,,,,,,,,,,,,,NB 1,,,,,
,,,,,,,,Super Liga Cup,,,,,,,,,,,,,,Super Liga Cup,,,,,,,,,,,,,,سوپر لیگ کپ,,,,,
,,,,,,,,U19,,,,,,,,,,,,,,U19,,,,,,,,,,,,,,U19,,,,,
,,,,,,,,Girabola,,,,,,,,,,,,,,Girabola,,,,,,,,,,,,,,گیرابولا,,,,,
,,,,,,,,Pro Liga,,,,,,,,,,,,,,Pro Liga,,,,,,,,,,,,,,پرو لیگا,,,,,
,,,,,,,,3rd Division Group 2,,,,,,,,,,,,,,3η Διαιρέσεις Ομάδα 2,,,,,,,,,,,,,,دیویشن سوم گروه 2,,,,,
,,,,,,,,Viareggio Cup - Women,,,,,,,,,,,,,,Viareggio Cup - Γυναίκες,,,,,,,,,,,,,,کوپا ویارجیو - زنان,,,,,
,,,,,,,,Liga 3,,,,,,,,,,,,,,Liga 3,,,,,,,,,,,,,,لیگ 3,,,,,
,,,,,,,,Brasileiro Serie C,,,,,,,,,,,,,,Brasileiro Serie C,,,,,,,,,,,,,,برازیلیرو سری سی,,,,,
,,,,,,,,Segunda Division,,,,,,,,,,,,,,Δεύτερη Διαιρέσεις,,,,,,,,,,,,,,سگوندا دیویشن,,,,,
,,,,,,,,Tasmania NPL,,,,,,,,,,,,,,Tasmania NPL,,,,,,,,,,,,,,تاسمانیا NPL,,,,,
,,,,,,,,Bundesliga - Women,,,,,,,,,,,,,,Bundesliga - Γυναίκες,,,,,,,,,,,,,,بوندسلیگا - زنان,,,,,
,,,,,,,,U19 Friendly Games,,,,,,,,,,,,,,U19 Friendly Games,,,,,,,,,,,,,,U19 بازیهای دوستانه,,,,,
,,,,,,,,Tercera Federacion - Group 1,,,,,,,,,,,,,,Tercera Federacion - Ομάδα 1,,,,,,,,,,,,,,سوم فدراسیون - گروه 1,,,,,
,,,,,,,,Serie D - Girone F,,,,,,,,,,,,,,Serie D - Girone F,,,,,,,,,,,,,,سری دی - گیرون F,,,,,
,,,,,,,,Super Cup - Women,,,,,,,,,,,,,,Super Cup - Γυναίκες,,,,,,,,,,,,,,سوپر کپ - زنان,,,,,
,,,,,,,,U17 Euro W Ch.ship - QF,,,,,,,,,,,,,,U17 Euro W Ch.ship - QF,,,,,,,,,,,,,,U17 اروپا W Ch.ship - QF,,,,,
,,,,,,,,Primera C,,,,,,,,,,,,,,Primera C,,,,,,,,,,,,,,پریمیرا سی,,,,,
,,,,,,,,Paulista - Segunda Divisao U23,,,,,,,,,,,,,,Paulista - Δεύτερη Διαιρέσεις U23,,,,,,,,,,,,,,پاولیستا - سگوندا دیویشن U23,,,,,
,,,,,,,,Rock Cup,,,,,,,,,,,,,,Rock Cup,,,,,,,,,,,,,,راک کپ,,,,,
,,,,,,,,3. deild,,,,,,,,,,,,,,3. deild,,,,,,,,,,,,,,سوم دیلد,,,,,
,,,,,,,,Greece Cup,,,,,,,,,,,,,,Κύπελλο Ελλάδας,,,,,,,,,,,,,,کشتی یونان,,,,,
,,,,,,,,Supercopa do Brasil - Women,,,,,,,,,,,,,,Supercopa do Brasil - Γυναίκες,,,,,,,,,,,,,,سوپرکوپا دو برازیل - زنان,,,,,
,,,,,,,,Pro League,,,,,,,,,,,,,,Pro League,,,,,,,,,,,,,,پرو لیگ,,,,,
,,,,,,,,Superettan,,,,,,,,,,,,,,Superettan,,,,,,,,,,,,,,سوپرتان,,,,,
,,,,,,,,3. Lig - Group 2,,,,,,,,,,,,,,3. Lig - Ομάδα 2,,,,,,,,,,,,,,3. لیگ - گروه 2,,,,,
,,,,,,,,Coupe de France,,,,,,,,,,,,,,Coupe de France,,,,,,,,,,,,,,کوپ فرانسه,,,,,
,,,,,,,,1. Liga,,,,,,,,,,,,,,1. Liga,,,,,,,,,,,,,,دیویشن یک,,,,,
,,,,,,,,Liga de Ascenso - Clausura,,,,,,,,,,,,,,Liga de Ascenso - Clausura,,,,,,,,,,,,,,لیگ آزربایجان - کلوسورا,,,,,
,,,,,,,,Azerbaijan Cup,,,,,,,,,,,,,,Κύπελλο Αζερμπαϊτζάν,,,,,,,,,,,,,,کشتی آذربایجان,,,,,
,,,,,,,,A-League - Women,,,,,,,,,,,,,,A-League - Γυναίκες,,,,,,,,,,,,,,آ لیگ - زنان,,,,,
,,,,,,,,Regionalliga Bavaria,,,,,,,,,,,,,,Regionalliga Bavaria,,,,,,,,,,,,,,رگونالیگا باواریا,,,,,
,,,,,,,,A-Junioren-Bundesliga S/S-W,,,,,,,,,,,,,,A-Junioren-Bundesliga S/S-W,,,,,,,,,,,,,,A-Junioren-Bundesliga S/S-W,,,,,
,,,,,,,,,Premier Soccer League,,,,,,,,,,,,,,Πρωτάθλημα Ποδοσφαίρου,,,,,,,,,,,,,,لیگ برتر فوتبال,,,,
,,,,,,,,,Cupa Moldova,,,,,,,,,,,,,,Κύπελλο της Μόλδαβης,,,,,,,,,,,,,,کوپای مولدووا,,,,
,,,,,,,,,Coppa Italia Serie C,,,,,,,,,,,,,,Coppa Italia Serie C,,,,,,,,,,,,,,کوپای ایتالیا سری سی,,,,
,,,,,,,,,Kupa e Shqiperise,,,,,,,,,,,,,,Κύπελλο της Αλβανίας,,,,,,,,,,,,,,کوپا شقاقیرس,,,,
,,,,,,,,,2nd Division Group 2,,,,,,,,,,,,,,2η Διοίκηση Γκρουπ 2,,,,,,,,,,,,,,دومین دسته دوم,,,,
,,,,,,,,,Challenge Cup,,,,,,,,,,,,,,Πρόκληση Κύπελλο,,,,,,,,,,,,,,پیشروی قهرمانی,,,,
,,,,,,,,,Primera Division - Clausura,,,,,,,,,,,,,,Πρωτάθλημα - Clausura,,,,,,,,,,,,,,پریمیرا دیویسیون - کلوزورا,,,,
,,,,,,,,,Ettan - Norra,,,,,,,,,,,,,,Ettan - Norra,,,,,,,,,,,,,,اتان - نورا,,,,
,,,,,,,,,League Cup A,,,,,,,,,,,,,,League Cup A,,,,,,,,,,,,,,لیگ کپ A,,,,
,,,,,,,,,Esiliiga,,,,,,,,,,,,,,Esiliiga,,,,,,,,,,,,,,ئشیلیگا,,,,
,,,,,,,,,DBU Pokalen,,,,,,,,,,,,,,DBU Pokalen,,,,,,,,,,,,,,دی بی یو پوکالن,,,,
,,,,,,,,,Serbia Cup,,,,,,,,,,,,,,Κύπελλο Σερβίας,,,,,,,,,,,,,,کوپ صربستان,,,,
,,,,,,,,,K3 League,,,,,,,,,,,,,,Κ3 Λίγκα,,,,,,,,,,,,,,لیگ ۳,,,,
,,,,,,,,,Second Prof. League,,,,,,,,,,,,,,Δεύτερη Προπονητική Λίγκα,,,,,,,,,,,,,,دومین لیگ حرفه ای,,,,
,,,,,,,,,Division 1,,,,,,,,,,,,,,Διοίκηση 1,,,,,,,,,,,,,,دسته یک,,,,
,,,,,,,,,U19 Allsvenskan,,,,,,,,,,,,,,U19 Allsvenskan,,,,,,,,,,,,,,U19 Allsvenskan,,,,
,,,,,,,,,Challenger Pro League,,,,,,,,,,,,,,Challenger Pro League,,,,,,,,,,,,,,پیشروی پرو لیگ,,,,
,,,,,,,,,Superliga,,,,,,,,,,,,,,Superliga,,,,,,,,,,,,,,سوپرلیگ,,,,
,,,,,,,,,SheBelieves Cup - Women,,,,,,,,,,,,,,SheBelieves Cup - Γυναίκες,,,,,,,,,,,,,,شبلیوز کپ - زنان,,,,
,,,,,,,,,Int. Friendly Games W,,,,,,,,,,,,,,Διεθνείς Φιλικά Παιχνίδια W,,,,,,,,,,,,,,بازی های دوستانه بین المللی W,,,,
,,,,,,,,,NISA,,,,,,,,,,,,,,NISA,,,,,,,,,,,,,,نیسا,,,,
,,,,,,,,,U19 Championship,,,,,,,,,,,,,,U19 Πρωτάθλημα,,,,,,,,,,,,,,جام جوانان,,,,
,,,,,,,,,Erovnuli Liga,,,,,,,,,,,,,,Erovnuli Liga,,,,,,,,,,,,,,لیگ ارونولی,,,,
,,,,,,,,,Campeonato de Portugal,,,,,,,,,,,,,,Campeonato de Portugal,,,,,,,,,,,,,,کامپیوناتو د پرتغال,,,,
,,,,,,,,,Ligue 2,,,,,,,,,,,,,,Ligue 2,,,,,,,,,,,,,,لیگ دوم,,,,
,,,,,,,,,Southeast Asian Games - Women,,,,,,,,,,,,,,Ανατολικής Ασίας Παιχνίδια - Γυναίκες,,,,,,,,,,,,,,بازی های جنوب شرقی آسیا - زنان,,,,
,,,,,,,,,National Premier Soccer League,,,,,,,,,,,,,,Εθνική Πρωταθλητρική Σουηδίας Ποδοσφαίρου,,,,,,,,,,,,,,لیگ پیشروی ناسونال,,,,
,,,,,,,,,Oberliga Niederrhein,,,,,,,,,,,,,,Oberliga Niederrhein,,,,,,,,,,,,,,اوبرلیگ نیدرهاین,,,,
,,,,,,,,,Hazfi Cup,,,,,,,,,,,,,,Hazfi Cup,,,,,,,,,,,,,,هزفی کپ,,,,
,,,,,,,,,China League 1,,,,,,,,,,,,,,Πρωτάθλημα Κίνας 1,,,,,,,,,,,,,,لیگ یک چین,,,,
,,,,,,,,,Premier League,,,,,,,,,,,,,,Πρωτάθλημα,,,,,,,,,,,,,,لیگ پیشرو,,,,
,,,,,,,,,Bremen-Liga,,,,,,,,,,,,,,Bremen-Liga,,,,,,,,,,,,,,برمن لیگا,,,,
,,,,,,,,,Esiliiga B,,,,,,,,,,,,,,Esiliiga B,,,,,,,,,,,,,,ئشیلیگا بی,,,,
,,,,,,,,,Cymru Championship - North,,,,,,,,,,,,,,Cymru Championship - Βόρεια,,,,,,,,,,,,,,سیمرو چامپیونشیب - شمال,,,,
,,,,,,,,,Super League - Women,,,,,,,,,,,,,,Super League - Γυναίκες,,,,,,,,,,,,,,سوپرلیگ - زنان,,,,
,,,,,,,,,U20 Paulista,,,,,,,,,,,,,,U20 Paulista,,,,,,,,,,,,,,U20 پاؤلستا,,,,
,,,,,,,,,Capital NPL 1,,,,,,,,,,,,,,Capital NPL 1,,,,,,,,,,,,,,ناسونال نپل ۱,,,,
,,,,,,,,,KNVB beker - Women,,,,,,,,,,,,,,KNVB beker - Γυναίκες,,,,,,,,,,,,,,کنوب کپ - زنان,,,,
,,,,,,,,,Liga Femenina,,,,,,,,,,,,,,Liga Femenina,,,,,,,,,,,,,,لیگا فمینینا,,,,
,,,,,,,,,1.Liga,,,,,,,,,,,,,,1.Liga,,,,,,,,,,,,,,لیگ یک,,,,
,,,,,,,,,Ligat Al - Women,,,,,,,,,,,,,,Ligat Al - Γυναίκες,,,,,,,,,,,,,,لیگ عل - زنان,,,,
,,,,,,,,,2. Bundesliga - Women,,,,,,,,,,,,,,2. Bundesliga - Γυναίκες,,,,,,,,,,,,,,دومین لیگ - زنان,,,,
,,,,,,,,,Primera B,,,,,,,,,,,,,,Primera B,,,,,,,,,,,,,,پریمیرا بی,,,,
,,,,,,,,,Bundesliga,,,,,,,,,,,,,,Bundesliga,,,,,,,,,,,,,,بوندسلیگا,,,,
,,,,,,,,,Thai League 2,,,,,,,,,,,,,,Thai League 2,,,,,,,,,,,,,,لیگ دوم تایلند,,,,
,,,,,,,,,Russian Cup,,,,,,,,,,,,,,Ρωσικό Κύπελλο,,,,,,,,,,,,,,کوپ روسیه,,,,
,,,,,,,,,U17 CONCACAF Championship,,,,,,,,,,,,,,U17 CONCACAF Championship,,,,,,,,,,,,,,U17 کانکافاف چامپیونشیب,,,,
,,,,,,,,,Promotion d'Honneur,,,,,,,,,,,,,,Προώθηση d'Honneur,,,,,,,,,,,,,,پروموشن دونور,,,,
,,,,,,,,,Primera Division,,,,,,,,,,,,,,Πρωτάθλημα,,,,,,,,,,,,,,پریمیرا دیویسیون,,,,
,,,,,,,,,U21 Premier League International Cup,,,,,,,,,,,,,,U21 Πρωτάθλημα Διεθνών Κύπελλο,,,,,,,,,,,,,,U21 لیگ پیشروی بین المللی کپ,,,,
,,,,,,,,,,U20 Africa Cup of Nations,,,,,,,,,,,,,,Παγκόσμιο Πρωτάθλημα Νέων Αφρικής,,,,,,,,,,,,,,کشوره آفریقای جوانان U20,,,
,,,,,,,,,,Eliteserien,,,,,,,,,,,,,,Ελιτέσεριεν,,,,,,,,,,,,,,الیتسرین,,,
,,,,,,,,,,Serie C - Group C,,,,,,,,,,,,,,Σερι Τζι - Ομάδα Τζι,,,,,,,,,,,,,,سریه C - گروه C,,,
,,,,,,,,,,LaLiga,,,,,,,,,,,,,,LaLiga,,,,,,,,,,,,,,لالیگا,,,
,,,,,,,,,,Primera Division,,,,,,,,,,,,,,Πριμέρα Διαιρέσεις,,,,,,,,,,,,,,پریمرا دیویشن,,,
,,,,,,,,,,Copa Chile,,,,,,,,,,,,,,Κόπα Τσιλέ,,,,,,,,,,,,,,کوپا چیله,,,
,,,,,,,,,,Serie D - Girone G,,,,,,,,,,,,,,Σερι Ντι - Γιρόνε Γι,,,,,,,,,,,,,,سریه D - گروه G,,,
,,,,,,,,,,Carioca - Serie A2,,,,,,,,,,,,,,Carioca - Σερι Α2,,,,,,,,,,,,,,کاریوکا - سریه A2,,,
,,,,,,,,,,Primera A - Apertura,,,,,,,,,,,,,,Πριμέρα Α - Απερτούρα,,,,,,,,,,,,,,پریمرا A - آپرتورا,,,
,,,,,,,,,,Division Nationale,,,,,,,,,,,,,,Διαιρέσεις Εθνικής,,,,,,,,,,,,,,دیویشن نشنال,,,
,,,,,,,,,,U20 Friendly Games,,,,,,,,,,,,,,Παγκόσμια Πρωταθλητική Παιδική Αγωνιστική Αγάπη,,,,,,,,,,,,,,جوانان U20 بازی های دوستانه,,,
,,,,,,,,,,Crown Prince Cup,,,,,,,,,,,,,,Κύπελλο Αρχικράτους,,,,,,,,,,,,,,پادشاهی کپ,,,
,,,,,,,,,,USL Championship,,,,,,,,,,,,,,USL Championship,,,,,,,,,,,,,,USL Championship,,,
,,,,,,,,,,Liechtensteiner Cup,,,,,,,,,,,,,,Κύπελλο Λιχτενστάιν,,,,,,,,,,,,,,لایشتنشتاین کپ,,,
,,,,,,,,,,U23 Liga Revelacao,,,,,,,,,,,,,,U23 Liga Revelacao,,,,,,,,,,,,,,U23 لیگ رهیلاسیون,,,
,,,,,,,,,,Premier League,,,,,,,,,,,,,,Πρωτάθλημα,,,,,,,,,,,,,,پرمیر لیگ,,,
,,,,,,,,,,Paranaense,,,,,,,,,,,,,,Paranaense,,,,,,,,,,,,,,پارانا,,,
,,,,,,,,,,National League,,,,,,,,,,,,,,Εθνικό Πρωτάθλημα,,,,,,,,,,,,,,لیگ نشنال,,,
,,,,,,,,,,NSW NPL 1,,,,,,,,,,,,,,NSW NPL 1,,,,,,,,,,,,,,NSW NPL 1,,,
,,,,,,,,,,Premier League,,,,,,,,,,,,,,Πρωτάθλημα,,,,,,,,,,,,,,پرمیر لیگ,,,
,,,,,,,,,,Western Australia NPL,,,,,,,,,,,,,,Δυτική Αυστραλία NPL,,,,,,,,,,,,,,غرب استرالیا NPL,,,
,,,,,,,,,,III Liga - Group 4,,,,,,,,,,,,,,III Liga - Ομάδα 4,,,,,,,,,,,,,,III لیگ - گروه 4,,,
,,,,,,,,,,Copa del Rey,,,,,,,,,,,,,,Κόπα Ντε Ρει,,,,,,,,,,,,,,کوپا دل ری,,,
,,,,,,,,,,3rd Division Group 3,,,,,,,,,,,,,,3η Διαιρέσεις Ομάδα 3,,,,,,,,,,,,,,3rd Division گروه 3,,,
,,,,,,,,,,U19 1st Division,,,,,,,,,,,,,,U19 1η Διαιρέσεις,,,,,,,,,,,,,,U19 1st Division,,,
,,,,,,,,,,Segunda Division,,,,,,,,,,,,,,Δεύτερη Διαιρέσεις,,,,,,,,,,,,,,سگوندا دیویشن,,,
,,,,,,,,,,FNL,,,,,,,,,,,,,,FNL,,,,,,,,,,,,,,FNL,,,
,,,,,,,,,,Division 1,,,,,,,,,,,,,,Διαιρέσεις 1,,,,,,,,,,,,,,دیویشن 1,,,
,,,,,,,,,,Professional Development League,,,,,,,,,,,,,,Προσωπική Ανάπτυξη Πρωταθληματικής Λίστας,,,,,,,,,,,,,,لیگ پیشرفت Professional Development,,,
,,,,,,,,,,Logmanssteypid,,,,,,,,,,,,,,Logmanssteypid,,,,,,,,,,,,,,Logmanssteypid,,,
,,,,,,,,,,Tercera Federacion - Group 10,,,,,,,,,,,,,,Τερτέρα Φεδεράσιον - Ομάδα 10,,,,,,,,,,,,,,Tercera Federacion - گروه 10,,,
,,,,,,,,,,NM Cup,,,,,,,,,,,,,,NM Cup,,,,,,,,,,,,,,NM کپ,,,
,,,,,,,,,,Mato-Grossense,,,,,,,,,,,,,,Mato-Grossense,,,,,,,,,,,,,,Mato-Grossense,,,
,,,,,,,,,,Regionalliga Tirol,,,,,,,,,,,,,,Regionalliga Tirol,,,,,,,,,,,,,,Regionalliga Tirol,,,
,,,,,,,,,,Pernambucano,,,,,,,,,,,,,,Pernambucano,,,,,,,,,,,,,,پرنامبوکانو,,,
,,,,,,,,,,Superliga,,,,,,,,,,,,,,Superliga,,,,,,,,,,,,,,سوپرلیگا,,,
,,,,,,,,,,Azadegan League,,,,,,,,,,,,,,Azadegan League,,,,,,,,,,,,,,آزادگان لیگ,,,
,,,,,,,,,,Premijer Liga,,,,,,,,,,,,,,Premijer Liga,,,,,,,,,,,,,,پرمیجر لیگا,,,
,,,,,,,,,,EFL Trophy,,,,,,,,,,,,,,EFL Trophy,,,,,,,,,,,,,,EFL Trophy,,,
,,,,,,,,,,League Cup,,,,,,,,,,,,,,Κύπελλο Πρωταθληματικής Λίστας,,,,,,,,,,,,,,لیگ کپ,,,
,,,,,,,,,,Division 2 - Norra Svealand,,,,,,,,,,,,,,Διαιρέσεις 2 - Norra Svealand,,,,,,,,,,,,,,دیویشن 2 - Norra Svealand,,,
,,,,,,,,,,U21 Friendly Games,,,,,,,,,,,,,,U21 Πρωταθλητική Αγάπη,,,,,,,,,,,,,,جوانان U21 بازی های دوستانه,,,
,,,,,,,,,,Coupe de France - Women,,,,,,,,,,,,,,Κουπ ντε Φρανσ - Γυναίκες,,,,,,,,,,,,,,کوپ دل فرانسه - زنان,,,
,,,,,,,,,,J.League Cup,,,,,,,,,,,,,,J.League Cup,,,,,,,,,,,,,,J.League کپ,,,
,,,,,,,,,,Coupe U21 Pro League,,,,,,,,,,,,,,Κουπ U21 Πρωταθλητική Λίστα,,,,,,,,,,,,,,کوپ U21 Pro League,,,
,,,,,,,,,,UEFA Nations League,,,,,,,,,,,,,,Πρωτάθλημα ΕΥΕ,,,,,,,,,,,,,,لیگ های اتحادیه یوروپا,,,
,,,,,,,,,,U20 World Cup,,,,,,,,,,,,,,Παγκόσμιο Πρωτάθλημα Νέων,,,,,,,,,,,,,,جوانان U20 جام جهانی,,,
,,,,,,,,,,Elitettan - Women,,,,,,,,,,,,,,Elitettan - Γυναίκες,,,,,,,,,,,,,,Elitettan - زنان,,,
,,,,,,,,,,1. deild - Women,,,,,,,,,,,,,,1. deild - Γυναίκες,,,,,,,,,,,,,,1. deild - زنان,,,
,,,,,,,,,,Chinese Super League - Women,,,,,,,,,,,,,,Κινέζικη Σούπερ Λίγκα - Γυναίκες,,,,,,,,,,,,,,لیگ سوپر چین - زنان,,,
,,,,,,,,,,,FA Super Cup,,,,,,,,,,,,,,,,,,,,,,,,,,,,فا سوپر کاپ,,
,,,,,,,,,,,Super Copa,,,,,,,,,,,,,,,,,,,,,,,,,,,,سوپر کوپا,,
,,,,,,,,,,,Super Cup,,,,,,,,,,,,,,,,,,,,,,,,,,,,سوپر کاپ,,
,,,,,,,,,,,Kakkonen - Group B,,,,,,,,,,,,,,,,,,,,,,,,,,,,کاکونن - گروپ بی,,
,,,,,,,,,,,Premier League,,,,,,,,,,,,,,,,,,,,,,,,,,,,پریمیر لیگ,,
,,,,,,,,,,,U19 European Championship,,,,,,,,,,,,,,,,,,,,,,,,,,,,U19 اروپایی چهارمینی,,
,,,,,,,,,,,Ligue 1,,,,,,,,,,,,,,,,,,,,,,,,,,,,لیگ یک,,
,,,,,,,,,,,Division 2 - Norrland,,,,,,,,,,,,,,,,,,,,,,,,,,,,دیویشن 2 - نورلند,,
,,,,,,,,,,,Canadian Championship,,,,,,,,,,,,,,,,,,,,,,,,,,,,کانادایی چهارمینی,,
,,,,,,,,,,,WE League - Women,,,,,,,,,,,,,,,,,,,,,,,,,,,,وی لیگ - زنان,,
,,,,,,,,,,,Int. Friendly Games,,,,,,,,,,,,,,,,,,,,,,,,,,,,بازی های دوستانه ملی,,
,,,,,,,,,,,Campeonato Capixaba,,,,,,,,,,,,,,,,,,,,,,,,,,,,کامپیوناتو کاپیکابا,,
,,,,,,,,,,,Kazakhstan Cup,,,,,,,,,,,,,,,,,,,,,,,,,,,,کزخستان کاپ,,
,,,,,,,,,,,Tercera Federacion - Group 15,,,,,,,,,,,,,,,,,,,,,,,,,,,,ترسرا فدراسیون - گروپ 15,,
,,,,,,,,,,,FA Cup,,,,,,,,,,,,,,,,,,,,,,,,,,,,فا کاپ,,
,,,,,,,,,,,Oberliga Niedersachsen,,,,,,,,,,,,,,,,,,,,,,,,,,,,اوبرلیگ نیدرساخن,,
,,,,,,,,,,,Cup,,,,,,,,,,,,,,,,,,,,,,,,,,,,کاپ,,
,,,,,,,,,,,Gaucho - Serie A2,,,,,,,,,,,,,,,,,,,,,,,,,,,,گاوچو - سری آ2,,
,,,,,,,,,,,U21 KNVB - Divisie 1,,,,,,,,,,,,,,,,,,,,,,,,,,,,U21 KNVB - دیویشن 1,,
,,,,,,,,,,,Campionato Sammarinese,,,,,,,,,,,,,,,,,,,,,,,,,,,,کامپیوناتو سامارینی,,
,,,,,,,,,,,Veikkausliiga,,,,,,,,,,,,,,,,,,,,,,,,,,,,ویکاوسلیگا,,
,,,,,,,,,,,Lebanon Cup,,,,,,,,,,,,,,,,,,,,,,,,,,,,لبنان کاپ,,
,,,,,,,,,,,Amazonense,,,,,,,,,,,,,,,,,,,,,,,,,,,,آمازونس,,
,,,,,,,,,,,Ligue A,,,,,,,,,,,,,,,,,,,,,,,,,,,,لیگ A,,
,,,,,,,,,,,Premier League,,,,,,,,,,,,,,,,,,,,,,,,,,,,پریمیر لیگ,,
,,,,,,,,,,,National First Division,,,,,,,,,,,,,,,,,,,,,,,,,,,,دیویشن اول ملی,,
,,,,,,,,,,,3rd Division Group 5,,,,,,,,,,,,,,,,,,,,,,,,,,,,3 دیویشن گروپ 5,,
,,,,,,,,,,,U21 Pro League,,,,,,,,,,,,,,,,,,,,,,,,,,,,U21 پرو لیگ,,
,,,,,,,,,,,Liga 1,,,,,,,,,,,,,,,,,,,,,,,,,,,,لیگ یک,,
,,,,,,,,,,,Cearense - Serie B,,,,,,,,,,,,,,,,,,,,,,,,,,,,سیارنس - سری بی,,
,,,,,,,,,,,South Australia NPL,,,,,,,,,,,,,,,,,,,,,,,,,,,,جنوب استرالیا NPL,,
,,,,,,,,,,,Primera Division Women,,,,,,,,,,,,,,,,,,,,,,,,,,,,پریمیرا دیویشن زنان,,
,,,,,,,,,,,NWSL Challenge Cup,,,,,,,,,,,,,,,,,,,,,,,,,,,,NWSL چالش کاپ,,
,,,,,,,,,,,Cearense,,,,,,,,,,,,,,,,,,,,,,,,,,,,سیارنس,,
,,,,,,,,,,,FA Trophy,,,,,,,,,,,,,,,,,,,,,,,,,,,,فا کاپ,,
,,,,,,,,,,,Roraimense,,,,,,,,,,,,,,,,,,,,,,,,,,,,رورایمنس,,
,,,,,,,,,,,A-Junioren-Bundesliga - Sonderspielrunde,,,,,,,,,,,,,,,,,,,,,,,,,,,,آ-جونورن-بوندسلیگا - ساندرسپیلرونده,,
,,,,,,,,,,,I Liga,,,,,,,,,,,,,,,,,,,,,,,,,,,,آی لیگا,,
,,,,,,,,,,,Liga Nacional. Clausura,,,,,,,,,,,,,,,,,,,,,,,,,,,,لیگ ناسیونال. کلوزورا,,
,,,,,,,,,,,2. MFL,,,,,,,,,,,,,,,,,,,,,,,,,,,,2. MFL,,
,,,,,,,,,,,3rd Division Group 4,,,,,,,,,,,,,,,,,,,,,,,,,,,,3 دیویشن گروپ 4,,
,,,,,,,,,,,Brasileiro Serie B,,,,,,,,,,,,,,,,,,,,,,,,,,,,برازیلیرو سری بی,,
,,,,,,,,,,,Slovensky Pohar,,,,,,,,,,,,,,,,,,,,,,,,,,,,اسلوونسکی پوهار,,
,,,,,,,,,,,Belarus Cup,,,,,,,,,,,,,,,,,,,,,,,,,,,,بلاروس کاپ,,
,,,,,,,,,,,Segunda Division,,,,,,,,,,,,,,,,,,,,,,,,,,,,سگوندا دیویشن,,
,,,,,,,,,,,EFL Cup,,,,,,,,,,,,,,,,,,,,,,,,,,,,ای ف ال کاپ,,
,,,,,,,,,,,V-League,,,,,,,,,,,,,,,,,,,,,,,,,,,,وی لیگا,,
,,,,,,,,,,,Ligue 2,,,,,,,,,,,,,,,,,,,,,,,,,,,,لیگ 2,,
,,,,,,,,,,,Oberliga Hamburg,,,,,,,,,,,,,,,,,,,,,,,,,,,,اوبرلیگ هامبورگ,,
,,,,,,,,,,,Tournoi de France - Women,,,,,,,,,,,,,,,,,,,,,,,,,,,,تورنوی دو فرانسه - زنان,,
,,,,,,,,,,,,Trofeo de Campeones de la Liga Profesional,,,,,,,,,,,,,,Τρόπαιο των Πρωταθλητών της Προσωπικής Λίγκας,,,,,,,,,,,,,,پروفسور لیگ قهرمان پروفسور,
,,,,,,,,,,,,Serie D - Girone E,,,,,,,,,,,,,,Σερί D - Γκιρόνε Ε,,,,,,,,,,,,,,سری دی - گرونه ا,
,,,,,,,,,,,,Oberliga NOFV South,,,,,,,,,,,,,,Oberliga NOFV Νότος,,,,,,,,,,,,,,اوبرلیگانوفوی جنوب,
,,,,,,,,,,,,National Womens Soccer League,,,,,,,,,,,,,,Εθνική Γυναικεία Ποδοσφαιρική Λίγκα,,,,,,,,,,,,,,لیگ فوتبال زنان,
,,,,,,,,,,,,Premier League,,,,,,,,,,,,,,Πρωτάθλημα,,,,,,,,,,,,,,لیگ پرمیر,
,,,,,,,,,,,,2nd Division,,,,,,,,,,,,,,2η Διοίκηση,,,,,,,,,,,,,,دومین دسته,
,,,,,,,,,,,,Regionalliga East,,,,,,,,,,,,,,Regionalliga Ανατολή,,,,,,,,,,,,,,رگیونالیگا ایست,
,,,,,,,,,,,,FA Cup,,,,,,,,,,,,,,Πρωτάθλημα FA,,,,,,,,,,,,,,فا کاپ,
,,,,,,,,,,,,Super League,,,,,,,,,,,,,,Υπερ Λίγκα,,,,,,,,,,,,,,سوپر لیگ,
,,,,,,,,,,,,Mineiro - Modulo II,,,,,,,,,,,,,,Mineiro - Modulo II,,,,,,,,,,,,,,مینیرو - ماژول II,
,,,,,,,,,,,,Pinatar Cup - Women,,,,,,,,,,,,,,Pinatar Cup - Γυναίκες,,,,,,,,,,,,,,پیناتار کاپ - زنان,
,,,,,,,,,,,,China League 2,,,,,,,,,,,,,,Λίγκα 2 της Κίνας,,,,,,,,,,,,,,لیگ چین 2,
,,,,,,,,,,,,V-League 2,,,,,,,,,,,,,,V-Λίγκα 2,,,,,,,,,,,,,,وی لیگ 2,
,,,,,,,,,,,,Women Bundesliga,,,,,,,,,,,,,,Γυναικεία Bundesliga,,,,,,,,,,,,,,بوندس لیگ - زنان,
,,,,,,,,,,,,Virsliga,,,,,,,,,,,,,,Virsliga,,,,,,,,,,,,,,ویرسلیگا,
,,,,,,,,,,,,2. Liga,,,,,,,,,,,,,,2. Liga,,,,,,,,,,,,,,2. لیگ,
,,,,,,,,,,,,UEFA Europa League,,,,,,,,,,,,,,Πρωτάθλημα UEFA Ευρώπης,,,,,,,,,,,,,,اوروپا اوروپا لیگ,
,,,,,,,,,,,,Liga Profesional,,,,,,,,,,,,,,Προσωπική Λίγκα,,,,,,,,,,,,,,لیگ پروفسور,
,,,,,,,,,,,,Candango - Serie A,,,,,,,,,,,,,,Candango - Serie A,,,,,,,,,,,,,,کاندانگو - سری A,
,,,,,,,,,,,,J.League,,,,,,,,,,,,,,J.League,,,,,,,,,,,,,,جی لیگ,
,,,,,,,,,,,,Super Liga,,,,,,,,,,,,,,Υπερ Λίγκα,,,,,,,,,,,,,,سوپر لیگ,
,,,,,,,,,,,,Copa Libertadores,,,,,,,,,,,,,,Κύπελλο Ελευθερίας,,,,,,,,,,,,,,کپا لیبرادورس,
,,,,,,,,,,,,1. Liga - Women,,,,,,,,,,,,,,1. Liga - Γυναίκες,,,,,,,,,,,,,,1. لیگ - زنان,
,,,,,,,,,,,,South Australia NPL - Women,,,,,,,,,,,,,,Νότια Αυστραλία NPL - Γυναίκες,,,,,,,,,,,,,,جنوب استرالیا NPL - زنان,
,,,,,,,,,,,,Serie A - Women,,,,,,,,,,,,,,Serie A - Γυναίκες,,,,,,,,,,,,,,سری A - زنان,
,,,,,,,,,,,,Potiguar,,,,,,,,,,,,,,Potiguar,,,,,,,,,,,,,,پوتیگوار,
,,,,,,,,,,,,Egypt Cup,,,,,,,,,,,,,,Κύπελλο της Αιγύπτου,,,,,,,,,,,,,,کاپ مصر,
,,,,,,,,,,,,Tercera Federacion - Group 17,,,,,,,,,,,,,,Τρίτη Φεδεράσιον - Ομάδα 17,,,,,,,,,,,,,,ترسرا فدراسیون - گروه 17,
,,,,,,,,,,,,Chinese Super League,,,,,,,,,,,,,,Κινεζική Υπερ Λίγκα,,,,,,,,,,,,,,لیگ سوپر چین,
,,,,,,,,,,,,Copa Alagoas,,,,,,,,,,,,,,Κύπελλο Alagoas,,,,,,,,,,,,,,کپا الاغواس,
,,,,,,,,,,,,2. deild,,,,,,,,,,,,,,2. deild,,,,,,,,,,,,,,2. deild,
,,,,,,,,,,,,Coppa Titano,,,,,,,,,,,,,,Coppa Titano,,,,,,,,,,,,,,کوپا تیتانو,
,,,,,,,,,,,,Super Cup,,,,,,,,,,,,,,Υπερ Κύπελλο,,,,,,,,,,,,,,سوپر کاپ,
,,,,,,,,,,,,Eliteliga Voralberg,,,,,,,,,,,,,,Eliteliga Voralberg,,,,,,,,,,,,,,الیتلیگا وورالبرگ,
,,,,,,,,,,,,Oberliga Rheinland-Pfalz,,,,,,,,,,,,,,Oberliga Rheinland-Pfalz,,,,,,,,,,,,,,اوبرلیگا راینلند-فالز,
,,,,,,,,,,,,Indian Super League,,,,,,,,,,,,,,Ινδική Υπερ Λίγκα,,,,,,,,,,,,,,لیگ سوپر هند,
,,,,,,,,,,,,Tercera Federacion - Group 7,,,,,,,,,,,,,,Τρίτη Φεδεράσιον - Ομάδα 7,,,,,,,,,,,,,,ترسرا فدراسیون - گروه 7,
,,,,,,,,,,,,Super League - Women,,,,,,,,,,,,,,Υπερ Λίγκα - Γυναίκες,,,,,,,,,,,,,,سوپر لیگ - زنان,
,,,,,,,,,,,,Bundesliga,,,,,,,,,,,,,,Bundesliga,,,,,,,,,,,,,,بوندس لیگ,
,,,,,,,,,,,,Regionalliga Southwest,,,,,,,,,,,,,,Regionalliga Νοτίος,,,,,,,,,,,,,,رگیونالیگا جنوب غربی,
,,,,,,,,,,,,Presidents Cup,,,,,,,,,,,,,,Προέδροι Κύπελλο,,,,,,,,,,,,,,قهرمان پرزیدنت,
,,,,,,,,,,,,League Cup,,,,,,,,,,,,,,Κύπελλο Λίγκας,,,,,,,,,,,,,,لیگ کاپ,
,,,,,,,,,,,,Kakkonen - Group A,,,,,,,,,,,,,,Kakkonen - Ομάδα Α,,,,,,,,,,,,,,کاکونن - گروه A,
,,,,,,,,,,,,Ligue 1,,,,,,,,,,,,,,Ligue 1,,,,,,,,,,,,,,لیگ 1,
,,,,,,,,,,,,II Liga,,,,,,,,,,,,,,II Liga,,,,,,,,,,,,,,II لیگ,
,,,,,,,,,,,,3rd Division Group 6,,,,,,,,,,,,,,3η Διοίκηση Ομάδα 6,,,,,,,,,,,,,,سومین گروه 6,
,,,,,,,,,,,,Tercera Federacion - Group 3,,,,,,,,,,,,,,Τρίτη Φεδεράσιον - Ομάδα 3,,,,,,,,,,,,,,ترسرا فدراسیون - گروه 3,
,,,,,,,,,,,,Scottish Cup,,,,,,,,,,,,,,Σκωτικό Κύπελλο,,,,,,,,,,,,,,کاپ اسکاتلند,
,,,,,,,,,,,,Kosovo FA Cup,,,,,,,,,,,,,,Κύπελλο Κοσοβίας FA,,,,,,,,,,,,,,کوزوو فا کاپ,
,,,,,,,,,,,,Youth League,,,,,,,,,,,,,,Κύπελλο Νεανικής Λίγκας,,,,,,,,,,,,,,لیگ جوانان,
,,,,,,,,,,,,,World Cup Qualification - Women - Inter-Confederation Playoffs,,,,,,,,,,,,,,,,,,,,,,,,,,,,تأهل به جام جهانی - زنان - پل های میان کشوری
,,,,,,,,,,,,,2nd Bundesliga,,,,,,,,,,,,,,,,,,,,,,,,,,,,دوم بوندسلاگ
,,,,,,,,,,,,,Copa Colombia,,,,,,,,,,,,,,,,,,,,,,,,,,,,کوپا کلمبیا
,,,,,,,,,,,,,,,,Πρώτη Διοίκηση - Γυναίκες,,,,,,,,,,,,,,,,,,,,,,,,,
,,,,,,,,,,,,,,,,Serie D - Girone B,,,,,,,,,,,,,,,,,,,,,,,,,
,,,,,,,,,,,,,,,,Σαουδική Προφ. Λίγκα,,,,,,,,,,,,,,,,,,,,,,,,,
,,,,,,,,,,,,,,,,Coppa Italia Serie D,,,,,,,,,,,,,,,,,,,,,,,,,
,,,,,,,,,,,,,,,,Paranaense - 2. Divisao,,,,,,,,,,,,,,,,,,,,,,,,,
,,,,,,,,,,,,,,,,Λίγκα Πρωταθλητών Ρουάντας,,,,,,,,,,,,,,,,,,,,,,,,,
,,,,,,,,,,,,,,,,Premium Liiga,,,,,,,,,,,,,,,,,,,,,,,,,
,,,,,,,,,,,,,,,,Liga Portugal 2,,,,,,,,,,,,,,,,,,,,,,,,,
,,,,,,,,,,,,,,,,Εθνική Λίγκα,,,,,,,,,,,,,,,,,,,,,,,,,
,,,,,,,,,,,,,,,,U21 UEFA European Championship - Προπόνηση,,,,,,,,,,,,,,,,,,,,,,,,,
,,,,,,,,,,,,,,,,Gaucho,,,,,,,,,,,,,,,,,,,,,,,,,
,,,,,,,,,,,,,,,,Regionalliga West,,,,,,,,,,,,,,,,,,,,,,,,,
,,,,,,,,,,,,,,,,Premier Soccer League,,,,,,,,,,,,,,,,,,,,,,,,,
,,,,,,,,,,,,,,,,Πρωταθλητική Προετοιμασία Ευρωπαϊκών Πρωταθλημάτων,,,,,,,,,,,,,,,,,,,,,,,,,
,,,,,,,,,,,,,,,,Division de Honor - Clausura,,,,,,,,,,,,,,,,,,,,,,,,,
,,,,,,,,,,,,,,,,Serie D - Girone I,,,,,,,,,,,,,,,,,,,,,,,,,
,,,,,,,,,,,,,,,,Paraibano,,,,,,,,,,,,,,,,,,,,,,,,,
,,,,,,,,,,,,,,,,Ιρλανδικός Κύπελλος,,,,,,,,,,,,,,,,,,,,,,,,,
,,,,,,,,,,,,,,,,U20 CONMEBOL Ch.ship,,,,,,,,,,,,,,,,,,,,,,,,,
,,,,,,,,,,,,,,,,PFL - Νότος,,,,,,,,,,,,,,,,,,,,,,,,,
,,,,,,,,,,,,,,,,A-Junioren-Bundesliga N/N-E,,,,,,,,,,,,,,,,,,,,,,,,,
,,,,,,,,,,,,,,,,USL League One,,,,,,,,,,,,,,,,,,,,,,,,,
,,,,,,,,,,,,,,,,Κύπελλο - Γυναίκες,,,,,,,,,,,,,,,,,,,,,,,,,
,,,,,,,,,,,,,,,,WK-League,,,,,,,,,,,,,,,,,,,,,,,,,
,,,,,,,,,,,,,,,,Ligue 1,,,,,,,,,,,,,,,,,,,,,,,,,
,,,,,,,,,,,,,,,,Maranhense,,,,,,,,,,,,,,,,,,,,,,,,,
,,,,,,,,,,,,,,,,Serie D - Girone A,,,,,,,,,,,,,,,,,,,,,,,,,
,,,,,,,,,,,,,,,,Κύπελλο Μαρόκου,,,,,,,,,,,,,,,,,,,,,,,,,
,,,,,,,,,,,,,,,,Tercera Federacion - Ομάδα 13,,,,,,,,,,,,,,,,,,,,,,,,,
,,,,,,,,,,,,,,,,Premier League,,,,,,,,,,,,,,,,,,,,,,,,,
,,,,,,,,,,,,,,,,Δεύτερη Διοίκηση,,,,,,,,,,,,,,,,,,,,,,,,,
,,,,,,,,,,,,,,,,USL League Two,,,,,,,,,,,,,,,,,,,,,,,,,
,,,,,,,,,,,,,,,,3η Διοίκηση Ομάδα 1,,,,,,,,,,,,,,,,,,,,,,,,,
,,,,,,,,,,,,,,,,2. Lig,,,,,,,,,,,,,,,,,,,,,,,,,
,,,,,,,,,,,,,,,,U17 AFC Asian Cup,,,,,,,,,,,,,,,,,,,,,,,,,
,,,,,,,,,,,,,,,,Alagoano,,,,,,,,,,,,,,,,,,,,,,,,,
,,,,,,,,,,,,,,,,Καναδική Πρωτάθληση,,,,,,,,,,,,,,,,,,,,,,,,,
,,,,,,,,,,,,,,,,Pro League,,,,,,,,,,,,,,,,,,,,,,,,,
,,,,,,,,,,,,,,,,Botola 2,,,,,,,,,,,,,,,,,,,,,,,,,
,,,,,,,,,,,,,,,,Super League 2,,,,,,,,,,,,,,,,,,,,,,,,,
,,,,,,,,,,,,,,,,Δεύτερη Διοίκηση,,,,,,,,,,,,,,,,,,,,,,,,,
,,,,,,,,,,,,,,,,Damallsvenskan,,,,,,,,,,,,,,,,,,,,,,,,,
,,,,,,,,,,,,,,,,League Two,,,,,,,,,,,,,,,,,,,,,,,,,
,,,,,,,,,,,,,,,,Bayernliga North,,,,,,,,,,,,,,,,,,,,,,,,,
,,,,,,,,,,,,,,,,Super Lig,,,,,,,,,,,,,,,,,,,,,,,,,
,,,,,,,,,,,,,,,,U17 European Women's Championship,,,,,,,,,,,,,,,,,,,,,,,,,
,,,,,,,,,,,,,,,,Northern NSW NPL,,,,,,,,,,,,,,,,,,,,,,,,,
,,,,,,,,,,,,,,,,Copa do Brasil,,,,,,,,,,,,,,,,,,,,,,,,,
,,,,,,,,,,,,,,,,Beker van Belgie,,,,,,,,,,,,,,,,,,,,,,,,,
,,,,,,,,,,,,,,,,Superliga,,,,,,,,,,,,,,,,,,,,,,,,,
,,,,,,,,,,,,,,,,,,Υπερ Κύπελλο,,,,,,,,,,,,,,,,,,,,,,,
,,,,,,,,,,,,,,,,,,Περιφερειακή Λίγκα Βορρά,,,,,,,,,,,,,,,,,,,,,,,
,,,,,,,,,,,,,,,,,,Υπερ Λίγκα,,,,,,,,,,,,,,,,,,,,,,,
,,,,,,,,,,,,,,,,,,Cymru Premier,,,,,,,,,,,,,,,,,,,,,,,
,,,,,,,,,,,,,,,,,,LigaPro Primera A,,,,,,,,,,,,,,,,,,,,,,,
,,,,,,,,,,,,,,,,,,Elite One,,,,,,,,,,,,,,,,,,,,,,,
,,,,,,,,,,,,,,,,,,Prva Liga - Κυριαρχία του Σέρπσκα,,,,,,,,,,,,,,,,,,,,,,,
,,,,,,,,,,,,,,,,,,Λίγκα Nadeshiko - Div. 1 - Γυναίκες,,,,,,,,,,,,,,,,,,,,,,,
,,,,,,,,,,,,,,,,,,Τουρνουά Τουρνουά,,,,,,,,,,,,,,,,,,,,,,,
,,,,,,,,,,,,,,,,,,Πριμαβέρα Κύπελλο,,,,,,,,,,,,,,,,,,,,,,,
,,,,,,,,,,,,,,,,,,Τάκα της Πορτογαλίας,,,,,,,,,,,,,,,,,,,,,,,
,,,,,,,,,,,,,,,,,,Amapaense,,,,,,,,,,,,,,,,,,,,,,,
,,,,,,,,,,,,,,,,,,Brasileiro Serie A,,,,,,,,,,,,,,,,,,,,,,,
,,,,,,,,,,,,,,,,,,Κύπελλο της Βοσνίας & Ερζεγοβίνης,,,,,,,,,,,,,,,,,,,,,,,
,,,,,,,,,,,,,,,,,,Πρώτη Διοίκηση,,,,,,,,,,,,,,,,,,,,,,,
,,,,,,,,,,,,,,,,,,1. MFL,,,,,,,,,,,,,,,,,,,,,,,
,,,,,,,,,,,,,,,,,,Νότια Ποδοσφαιρική Λίγκα - Premier Division South,,,,,,,,,,,,,,,,,,,,,,,
,,,,,,,,,,,,,,,,,,Κύπελλο της Μακεδονίας,,,,,,,,,,,,,,,,,,,,,,,
,,,,,,,,,,,,,,,,,,Πρωταθλητριακή Λίγκα,,,,,,,,,,,,,,,,,,,,,,,
,,,,,,,,,,,,,,,,,,Κύπελλο,,,,,,,,,,,,,,,,,,,,,,,
,,,,,,,,,,,,,,,,,,A-Λίγκα,,,,,,,,,,,,,,,,,,,,,,,
,,,,,,,,,,,,,,,,,,Δεύτερη Φεδερασίον,,,,,,,,,,,,,,,,,,,,,,,
,,,,,,,,,,,,,,,,,,Διοίκηση 1,,,,,,,,,,,,,,,,,,,,,,,
,,,,,,,,,,,,,,,,,,1st deild,,,,,,,,,,,,,,,,,,,,,,,
,,,,,,,,,,,,,,,,,,Πρωταθλητριακή Λίγκα 2 - Div. 2,,,,,,,,,,,,,,,,,,,,,,,
,,,,,,,,,,,,,,,,,,III Λίγκα - Ομάδα 3,,,,,,,,,,,,,,,,,,,,,,,
,,,,,,,,,,,,,,,,,,Υπερ Λίγκα,,,,,,,,,,,,,,,,,,,,,,,
,,,,,,,,,,,,,,,,,,1. Lig,,,,,,,,,,,,,,,,,,,,,,,
,,,,,,,,,,,,,,,,,,Λίγκα της Ταϊλάνδης 1,,,,,,,,,,,,,,,,,,,,,,,
,,,,,,,,,,,,,,,,,,Liga de Expansion MX - Clausura,,,,,,,,,,,,,,,,,,,,,,,
,,,,,,,,,,,,,,,,,,Τρίτη Φεδερασίον - Ομάδα 8,,,,,,,,,,,,,,,,,,,,,,,
,,,,,,,,,,,,,,,,,,Πρώτη Φεδερασίον,,,,,,,,,,,,,,,,,,,,,,,
,,,,,,,,,,,,,,,,,,Kategoria e Pare,,,,,,,,,,,,,,,,,,,,,,,
,,,,,,,,,,,,,,,,,,Τρίτη Φεδερασίον - Ομάδα 9,,,,,,,,,,,,,,,,,,,,,,,
,,,,,,,,,,,,,,,,,,Κύπελλο,,,,,,,,,,,,,,,,,,,,,,,
,,,,,,,,,,,,,,,,,,FAI Presidents Cup,,,,,,,,,,,,,,,,,,,,,,,
,,,,,,,,,,,,,,,,,,CONCACAF Nations League,,,,,,,,,,,,,,,,,,,,,,,
,,,,,,,,,,,,,,,,,,Τρίτη Φεδερασίον - Ομάδα 2,,,,,,,,,,,,,,,,,,,,,,,
,,,,,,,,,,,,,,,,,,Πρωταθλητριακή Λίγκα,,,,,,,,,,,,,,,,,,,,,,,
,,,,,,,,,,,,,,,,,,Brasileiro Serie D,,,,,,,,,,,,,,,,,,,,,,,
,,,,,,,,,,,,,,,,,,Πρώτη Λίγκα,,,,,,,,,,,,,,,,,,,,,,,
,,,,,,,,,,,,,,,,,,Goiano,,,,,,,,,,,,,,,,,,,,,,,
,,,,,,,,,,,,,,,,,,CAF Confederations Cup,,,,,,,,,,,,,,,,,,,,,,,
,,,,,,,,,,,,,,,,,,Cymru Championship South,,,,,,,,,,,,,,,,,,,,,,,
,,,,,,,,,,,,,,,,,,Πρωταθλητριακή Λίγκα,,,,,,,,,,,,,,,,,,,,,,,
,,,,,,,,,,,,,,,,,,Vysshaya Liga,,,,,,,,,,,,,,,,,,,,,,,
,,,,,,,,,,,,,,,,,,Botola,,,,,,,,,,,,,,,,,,,,,,,
,,,,,,,,,,,,,,,,,,Αλγερινό Κύπελλο,,,,,,,,,,,,,,,,,,,,,,,
,,,,,,,,,,,,,,,,,,Πρωτάθλημα Παλαιστινιακού Συμφώνου,,,,,,,,,,,,,,,,,,,,,,,
,,,,,,,,,,,,,,,,,,PFL - Ural-Povolzhye,,,,,,,,,,,,,,,,,,,,,,,
,,,,,,,,,,,,,,,,,,,,Παγκόσμια Ομοσπονδία Κύπελλου,,,,,,,,,,,,,,,,,,,,,
,,,,,,,,,,,,,,,,,,,,Κύπελλο Σλοβενίας,,,,,,,,,,,,,,,,,,,,,
,,,,,,,,,,,,,,,,,,,,Πρωτάθλημα,,,,,,,,,,,,,,,,,,,,,
,,,,,,,,,,,,,,,,,,,,NB I - Γυναίκες,,,,,,,,,,,,,,,,,,,,,
,,,,,,,,,,,,,,,,,,,,Κύπελλο FA Womens League,,,,,,,,,,,,,,,,,,,,,
,,,,,,,,,,,,,,,,,,,,Ερωνουλί Λίγκα 2,,,,,,,,,,,,,,,,,,,,,
,,,,,,,,,,,,,,,,,,,,U23 Δυτικής Ασίας Πανελλήνια Αγώνες,,,,,,,,,,,,,,,,,,,,,
,,,,,,,,,,,,,,,,,,,,UEFA Youth League,,,,,,,,,,,,,,,,,,,,,
,,,,,,,,,,,,,,,,,,,,Δεύτερη Διαιρέσεις,,,,,,,,,,,,,,,,,,,,,
,,,,,,,,,,,,,,,,,,,,Κύπελλο Κύπρου,,,,,,,,,,,,,,,,,,,,,
,,,,,,,,,,,,,,,,,,,,Κύπελλο FA Cup - Γυναίκες,,,,,,,,,,,,,,,,,,,,,
,,,,,,,,,,,,,,,,,,,,Paulista - Serie A2,,,,,,,,,,,,,,,,,,,,,
,,,,,,,,,,,,,,,,,,,,FIFA Club World Cup,,,,,,,,,,,,,,,,,,,,,
,,,,,,,,,,,,,,,,,,,,MLS Next Pro,,,,,,,,,,,,,,,,,,,,,
,,,,,,,,,,,,,,,,,,,,Πρωτάθλημα,,,,,,,,,,,,,,,,,,,,,
,,,,,,,,,,,,,,,,,,,,Kategoria Superiore,,,,,,,,,,,,,,,,,,,,,
,,,,,,,,,,,,,,,,,,,,Tercera Federacion - Ομάδα 11,,,,,,,,,,,,,,,,,,,,,
,,,,,,,,,,,,,,,,,,,,U20 Campeonato Brasileiro,,,,,,,,,,,,,,,,,,,,,
,,,,,,,,,,,,,,,,,,,,Serie B,,,,,,,,,,,,,,,,,,,,,
,,,,,,,,,,,,,,,,,,,,Regionalliga Δυτικά,,,,,,,,,,,,,,,,,,,,,
,,,,,,,,,,,,,,,,,,,,Tercera Federacion - Ομάδα 16,,,,,,,,,,,,,,,,,,,,,
,,,,,,,,,,,,,,,,,,,,Πρωτάθλημα,,,,,,,,,,,,,,,,,,,,,
,,,,,,,,,,,,,,,,,,,,Liga 2,,,,,,,,,,,,,,,,,,,,,
,,,,,,,,,,,,,,,,,,,,Community Shield,,,,,,,,,,,,,,,,,,,,,
,,,,,,,,,,,,,,,,,,,,1. CFL,,,,,,,,,,,,,,,,,,,,,
,,,,,,,,,,,,,,,,,,,,Primera B,,,,,,,,,,,,,,,,,,,,,
,,,,,,,,,,,,,,,,,,,,A Lyga,,,,,,,,,,,,,,,,,,,,,
,,,,,,,,,,,,,,,,,,,,ΝΜ Cup Γυναίκες,,,,,,,,,,,,,,,,,,,,,
,,,,,,,,,,,,,,,,,,,,KNVB beker,,,,,,,,,,,,,,,,,,,,,
,,,,,,,,,,,,,,,,,,,,U21 Allsvenskan,,,,,,,,,,,,,,,,,,,,,
,,,,,,,,,,,,,,,,,,,,PFL - Κέντρο,,,,,,,,,,,,,,,,,,,,,
,,,,,,,,,,,,,,,,,,,,Division de Honor - Apertura,,,,,,,,,,,,,,,,,,,,,
,,,,,,,,,,,,,,,,,,,,Sul-Mato-Grossense,,,,,,,,,,,,,,,,,,,,,
,,,,,,,,,,,,,,,,,,,,Δεύτερη Διαιρέσεις,,,,,,,,,,,,,,,,,,,,,
,,,,,,,,,,,,,,,,,,,,Ρουμανία Κύπελλο,,,,,,,,,,,,,,,,,,,,,
,,,,,,,,,,,,,,,,,,,,U17 CONMEBOL Championship,,,,,,,,,,,,,,,,,,,,,
,,,,,,,,,,,,,,,,,,,,Αρμενία Κύπελλο,,,,,,,,,,,,,,,,,,,,,
,,,,,,,,,,,,,,,,,,,,OFC Champions League,,,,,,,,,,,,,,,,,,,,,
,,,,,,,,,,,,,,,,,,,,Πρωτάθλημα,,,,,,,,,,,,,,,,,,,,,
,,,,,,,,,,,,,,,,,,,,Eredivisie,,,,,,,,,,,,,,,,,,,,,
,,,,,,,,,,,,,,,,,,,,Pervaya Liga,,,,,,,,,,,,,,,,,,,,,
,,,,,,,,,,,,,,,,,,,,Ινδικό Super Cup,,,,,,,,,,,,,,,,,,,,,
,,,,,,,,,,,,,,,,,,,,Copa Verde,,,,,,,,,,,,,,,,,,,,,
,,,,,,,,,,,,,,,,,,,,Πρωτάθλημα,,,,,,,,,,,,,,,,,,,,,
,,,,,,,,,,,,,,,,,,,,Λίγκα 2,,,,,,,,,,,,,,,,,,,,,
,,,,,,,,,,,,,,,,,,,,U20 Liga MX,,,,,,,,,,,,,,,,,,,,,
,,,,,,,,,,,,,,,,,,,,Campeonato Rondoniense,,,,,,,,,,,,,,,,,,,,,
,,,,,,,,,,,,,,,,,,,,Φιλιππίνες Footb. League,,,,,,,,,,,,,,,,,,,,,
,,,,,,,,,,,,,,,,,,,,Queensland NPL - Γυναίκες,,,,,,,,,,,,,,,,,,,,,
,,,,,,,,,,,,,,,,,,,,Serie C - Ομάδα B,,,,,,,,,,,,,,,,,,,,,
,,,,,,,,,,,,,,,,,,,,,Σούπερ Καπ,,,,,,,,,,,,,,,,,,,,
,,,,,,,,,,,,,,,,,,,,,Βικτωρία NPL - Γυναίκες,,,,,,,,,,,,,,,,,,,,
,,,,,,,,,,,,,,,,,,,,,Παγκόσμιο Πρωτάθλημα Νεανικού 19,,,,,,,,,,,,,,,,,,,,
,,,,,,,,,,,,,,,,,,,,,Bayernliga Νότος,,,,,,,,,,,,,,,,,,,,
,,,,,,,,,,,,,,,,,,,,,CFL,,,,,,,,,,,,,,,,,,,,
,,,,,,,,,,,,,,,,,,,,,UEFA Πρωταθλητές Γυναικών,,,,,,,,,,,,,,,,,,,,
,,,,,,,,,,,,,,,,,,,,,Divizia A,,,,,,,,,,,,,,,,,,,,
,,,,,,,,,,,,,,,,,,,,,1η Διοίκηση - Γυναίκες,,,,,,,,,,,,,,,,,,,,
,,,,,,,,,,,,,,,,,,,,,Διοίκηση 2 - Sodra Gotaland,,,,,,,,,,,,,,,,,,,,
,,,,,,,,,,,,,,,,,,,,,3. Lig - Ομάδα 3,,,,,,,,,,,,,,,,,,,,
,,,,,,,,,,,,,,,,,,,,,Campeonato Brasileiro - Γυναίκες,,,,,,,,,,,,,,,,,,,,
,,,,,,,,,,,,,,,,,,,,,U19 Elit B,,,,,,,,,,,,,,,,,,,,
,,,,,,,,,,,,,,,,,,,,,Coupe de Luxembourg,,,,,,,,,,,,,,,,,,,,
,,,,,,,,,,,,,,,,,,,,,Πρώτη Διοίκηση,,,,,,,,,,,,,,,,,,,,
,,,,,,,,,,,,,,,,,,,,,Πρωτάθλημα,,,,,,,,,,,,,,,,,,,,
,,,,,,,,,,,,,,,,,,,,,Oberliga Mittelrhein,,,,,,,,,,,,,,,,,,,,
,,,,,,,,,,,,,,,,,,,,,Αραβική Θάλασσα Πρωτάθλημα,,,,,,,,,,,,,,,,,,,,
,,,,,,,,,,,,,,,,,,,,,U19 Ευρωπαϊκό Πρωτάθλημα - Προπόνηση,,,,,,,,,,,,,,,,,,,,
,,,,,,,,,,,,,,,,,,,,,Serie B,,,,,,,,,,,,,,,,,,,,
,,,,,,,,,,,,,,,,,,,,,Διοίκηση Προφητική,,,,,,,,,,,,,,,,,,,,
,,,,,,,,,,,,,,,,,,,,,Ekstraklasa,,,,,,,,,,,,,,,,,,,,
,,,,,,,,,,,,,,,,,,,,,Allsvenskan,,,,,,,,,,,,,,,,,,,,
,,,,,,,,,,,,,,,,,,,,,Paraense,,,,,,,,,,,,,,,,,,,,
,,,,,,,,,,,,,,,,,,,,,Βόρεια Πρωτάθλημα - Πρωτάθλημα Διοίκηση,,,,,,,,,,,,,,,,,,,,
,,,,,,,,,,,,,,,,,,,,,Primera Divisio,,,,,,,,,,,,,,,,,,,,
,,,,,,,,,,,,,,,,,,,,,Εθνικό Πρωτάθλημα,,,,,,,,,,,,,,,,,,,,
,,,,,,,,,,,,,,,,,,,,,Primera Division - Clausura,,,,,,,,,,,,,,,,,,,,
,,,,,,,,,,,,,,,,,,,,,CLJ,,,,,,,,,,,,,,,,,,,,
,,,,,,,,,,,,,,,,,,,,,Πρωτάθλημα,,,,,,,,,,,,,,,,,,,,
,,,,,,,,,,,,,,,,,,,,,Toppserien - Γυναίκες,,,,,,,,,,,,,,,,,,,,
,,,,,,,,,,,,,,,,,,,,,Εθνικό,,,,,,,,,,,,,,,,,,,,
,,,,,,,,,,,,,,,,,,,,,Πρωτάθλημα,,,,,,,,,,,,,,,,,,,,
,,,,,,,,,,,,,,,,,,,,,CONMEBOL UEFA Cup of Champions - Γυναίκες,,,,,,,,,,,,,,,,,,,,
,,,,,,,,,,,,,,,,,,,,,Coppa Italia - Γυναίκες,,,,,,,,,,,,,,,,,,,,
,,,,,,,,,,,,,,,,,,,,,Πρωτάθλημα,,,,,,,,,,,,,,,,,,,,
,,,,,,,,,,,,,,,,,,,,,Liga MX - Γυναίκες - Clausura,,,,,,,,,,,,,,,,,,,,
,,,,,,,,,,,,,,,,,,,,,Regionalliga Βορείου,,,,,,,,,,,,,,,,,,,,
,,,,,,,,,,,,,,,,,,,,,Supercoppa di Lega Pro,,,,,,,,,,,,,,,,,,,,
,,,,,,,,,,,,,,,,,,,,,J.League 2,,,,,,,,,,,,,,,,,,,,
,,,,,,,,,,,,,,,,,,,,,Mineiro,,,,,,,,,,,,,,,,,,,,
,,,,,,,,,,,,,,,,,,,,,K-League 1,,,,,,,,,,,,,,,,,,,,
,,,,,,,,,,,,,,,,,,,,,Ekstraliga - Γυναίκες,,,,,,,,,,,,,,,,,,,,
,,,,,,,,,,,,,,,,,,,,,Recopa Sudamericana,,,,,,,,,,,,,,,,,,,,
,,,,,,,,,,,,,,,,,,,,,Παγκόσμιο Πρωτάθλημα - Γυναίκες,,,,,,,,,,,,,,,,,,,,
,,,,,,,,,,,,,,,,,,,,,Εμιρ Καπ,,,,,,,,,,,,,,,,,,,,
,,,,,,,,,,,,,,,,,,,,,2. Liga,,,,,,,,,,,,,,,,,,,,
,,,,,,,,,,,,,,,,,,,,,Βασιλιάς του Μπαχρέιν,,,,,,,,,,,,,,,,,,,,
,,,,,,,,,,,,,,,,,,,,,NB II,,,,,,,,,,,,,,,,,,,,
,,,,,,,,,,,,,,,,,,,,,Catarinense,,,,,,,,,,,,,,,,,,,,
,,,,,,,,,,,,,,,,,,,,,U19 Super League,,,,,,,,,,,,,,,,,,,,
,,,,,,,,,,,,,,,,,,,,,,,,,Μεγάλη Σούπερ Κύπη,,,,,,,,,,,,,,,,
,,,,,,,,,,,,,,,,,,,,,,,,,Σούπερ Κόπα,,,,,,,,,,,,,,,,
,,,,,,,,,,,,,,,,,,,,,,,,,Σούπερ Κύπη,,,,,,,,,,,,,,,,
,,,,,,,,,,,,,,,,,,,,,,,,,Kakkonen - Ομάδα B,,,,,,,,,,,,,,,,
,,,,,,,,,,,,,,,,,,,,,,,,,Πρωτάθλημα,,,,,,,,,,,,,,,,
,,,,,,,,,,,,,,,,,,,,,,,,,Ευρωπαϊκό Πρωτάθλημα Υποδοχής 19,,,,,,,,,,,,,,,,
,,,,,,,,,,,,,,,,,,,,,,,,,Ligue 1,,,,,,,,,,,,,,,,
,,,,,,,,,,,,,,,,,,,,,,,,,Δεύτερη Κατηγορία - Norrland,,,,,,,,,,,,,,,,
,,,,,,,,,,,,,,,,,,,,,,,,,Καναδικό Πρωτάθλημα,,,,,,,,,,,,,,,,
,,,,,,,,,,,,,,,,,,,,,,,,,WE League - Γυναίκες,,,,,,,,,,,,,,,,
,,,,,,,,,,,,,,,,,,,,,,,,,Διεθνείς Φιλικοί Αγώνες,,,,,,,,,,,,,,,,
,,,,,,,,,,,,,,,,,,,,,,,,,Campeonato Capixaba,,,,,,,,,,,,,,,,
,,,,,,,,,,,,,,,,,,,,,,,,,Καζακστάν Κύπη,,,,,,,,,,,,,,,,
,,,,,,,,,,,,,,,,,,,,,,,,,Τρίτη Φεδερασίον - Ομάδα 15,,,,,,,,,,,,,,,,
,,,,,,,,,,,,,,,,,,,,,,,,,FA Cup,,,,,,,,,,,,,,,,
,,,,,,,,,,,,,,,,,,,,,,,,,Oberliga Niedersachsen,,,,,,,,,,,,,,,,
,,,,,,,,,,,,,,,,,,,,,,,,,Κύπη,,,,,,,,,,,,,,,,
,,,,,,,,,,,,,,,,,,,,,,,,,Gaucho - Serie A2,,,,,,,,,,,,,,,,
,,,,,,,,,,,,,,,,,,,,,,,,,U21 KNVB - Divisie 1,,,,,,,,,,,,,,,,
,,,,,,,,,,,,,,,,,,,,,,,,,Campionato Sammarinese,,,,,,,,,,,,,,,,
,,,,,,,,,,,,,,,,,,,,,,,,,Veikkausliiga,,,,,,,,,,,,,,,,
,,,,,,,,,,,,,,,,,,,,,,,,,Κύπη Λίβανου,,,,,,,,,,,,,,,,
,,,,,,,,,,,,,,,,,,,,,,,,,Amazonense,,,,,,,,,,,,,,,,
,,,,,,,,,,,,,,,,,,,,,,,,,Ligue A,,,,,,,,,,,,,,,,
,,,,,,,,,,,,,,,,,,,,,,,,,Πρωτάθλημα,,,,,,,,,,,,,,,,
,,,,,,,,,,,,,,,,,,,,,,,,,Εθνική Πρώτη Κατηγορία,,,,,,,,,,,,,,,,
,,,,,,,,,,,,,,,,,,,,,,,,,3η Κατηγορία Ομάδα 5,,,,,,,,,,,,,,,,
,,,,,,,,,,,,,,,,,,,,,,,,,U21 Pro League,,,,,,,,,,,,,,,,
,,,,,,,,,,,,,,,,,,,,,,,,,Liga 1,,,,,,,,,,,,,,,,
,,,,,,,,,,,,,,,,,,,,,,,,,Cearense - Serie B,,,,,,,,,,,,,,,,
,,,,,,,,,,,,,,,,,,,,,,,,,Νότιο Αυστραλία NPL,,,,,,,,,,,,,,,,
,,,,,,,,,,,,,,,,,,,,,,,,,Πρώτη Κατηγορία Γυναικών,,,,,,,,,,,,,,,,
,,,,,,,,,,,,,,,,,,,,,,,,,NWSL Challenge Cup,,,,,,,,,,,,,,,,
,,,,,,,,,,,,,,,,,,,,,,,,,Cearense,,,,,,,,,,,,,,,,
,,,,,,,,,,,,,,,,,,,,,,,,,FA Trophy,,,,,,,,,,,,,,,,
,,,,,,,,,,,,,,,,,,,,,,,,,Roraimense,,,,,,,,,,,,,,,,
,,,,,,,,,,,,,,,,,,,,,,,,,A-Junioren-Bundesliga - Sonderspielrunde,,,,,,,,,,,,,,,,
,,,,,,,,,,,,,,,,,,,,,,,,,I Liga,,,,,,,,,,,,,,,,
,,,,,,,,,,,,,,,,,,,,,,,,,Liga Nacional. Clausura,,,,,,,,,,,,,,,,
,,,,,,,,,,,,,,,,,,,,,,,,,2. MFL,,,,,,,,,,,,,,,,
,,,,,,,,,,,,,,,,,,,,,,,,,3η Κατηγορία Ομάδα 4,,,,,,,,,,,,,,,,
,,,,,,,,,,,,,,,,,,,,,,,,,Brasileiro Serie B,,,,,,,,,,,,,,,,
,,,,,,,,,,,,,,,,,,,,,,,,,Slovensky Pohar,,,,,,,,,,,,,,,,
,,,,,,,,,,,,,,,,,,,,,,,,,Κύπη Λευκορωσίας,,,,,,,,,,,,,,,,
,,,,,,,,,,,,,,,,,,,,,,,,,Δεύτερη Κατηγορία,,,,,,,,,,,,,,,,
,,,,,,,,,,,,,,,,,,,,,,,,,EFL Cup,,,,,,,,,,,,,,,,
,,,,,,,,,,,,,,,,,,,,,,,,,V-League,,,,,,,,,,,,,,,,
,,,,,,,,,,,,,,,,,,,,,,,,,Ligue 2,,,,,,,,,,,,,,,,
,,,,,,,,,,,,,,,,,,,,,,,,,Oberliga Hamburg,,,,,,,,,,,,,,,,
,,,,,,,,,,,,,,,,,,,,,,,,,Tournoi de France - Γυναίκες,,,,,,,,,,,,,,,,
,,,,,,,,,,,,,,,,,,,,,,,,,,,Προκριματικά Παγκόσμιας Κυπέλλου - Γυναίκες - Περιφερειακές Παιχνίδια,,,,,,,,,,,,,,
,,,,,,,,,,,,,,,,,,,,,,,,,,,2η Βουντσέλη,,,,,,,,,,,,,,
,,,,,,,,,,,,,,,,,,,,,,,,,,,Copa Colombia,,,,,,,,,,,,,,
